2.059799671173095703e+00,-1.449396291082241106e+00,2.076175991688863576e+00,-2.013901849786275733e+00,-8.670809904681604507e-01,1.816906571388244629e+00
2.074351787567138672e+00,-1.445964024668075609e+00,2.048488442097799123e+00,-1.971255441705221045e+00,-9.396126906024377945e-01,1.853916406631469727e+00
2.089143753051757812e+00,-1.440736846332885790e+00,2.020067516957418263e+00,-1.926113744775289405e+00,-1.010804955159322560e+00,1.891161441802978516e+00
2.052825927734375000e+00,-1.442044095402099657e+00,2.044473950062887013e+00,-1.892168661157125342e+00,-8.309491316424768570e-01,1.785828113555908203e+00
2.066404342651367188e+00,-1.437871844773628283e+00,2.019282166157857716e+00,-1.859882494012349952e+00,-9.010241667376917007e-01,1.831829547882080078e+00
2.080428600311279297e+00,-1.432069436912872362e+00,1.992917362843648732e+00,-1.824101587335103858e+00,-9.698694388019006851e-01,1.876772880554199219e+00
2.046477317810058594e+00,-1.431562871938087511e+00,2.010906044636861623e+00,-1.767349382440084327e+00,-7.975357214557092789e-01,1.750210762023925781e+00
2.059091091156005859e+00,-1.427141697411872912e+00,1.988719765339986623e+00,-1.746546407739156592e+00,-8.644011656390588882e-01,1.805464267730712891e+00
2.072323322296142578e+00,-1.421265454297401476e+00,1.965139691029683888e+00,-1.720351835290426123e+00,-9.304369131671350601e-01,1.858592033386230469e+00
2.139113664627075195e+00,-1.602520128289693702e+00,2.278848950062887013e+00,-2.430508752862447608e+00,-9.681289831744592789e-01,2.104550838470458984e+00
2.157090425491333008e+00,-1.605064531365865577e+00,2.244589630757467091e+00,-2.350057264367574561e+00,-1.043180290852681935e+00,2.111997604370117188e+00
2.175557374954223633e+00,-1.603860040704244483e+00,2.210135761891500294e+00,-2.273369451562398780e+00,-1.117158714924947560e+00,2.123392343521118164e+00
2.127669334411621094e+00,-1.606847902337545264e+00,2.256149117146627248e+00,-2.321182867089742530e+00,-9.196232000934045914e-01,2.089810609817504883e+00
2.145182609558105469e+00,-1.607152124444478858e+00,2.222433869038717091e+00,-2.248599668542379248e+00,-9.945429007159631851e-01,2.104053735733032227e+00
2.163175344467163086e+00,-1.604144712487691748e+00,2.188526455556051076e+00,-2.178805490533346045e+00,-1.068090263997213185e+00,2.121606111526489258e+00
2.116990566253662109e+00,-1.608377595941060889e+00,2.231970612202779591e+00,-2.209061285058492530e+00,-8.731706778155725601e-01,2.070088863372802734e+00
2.133908271789550781e+00,-1.606681963006490577e+00,2.199298206959859669e+00,-2.145524164239400733e+00,-9.473617712603967789e-01,2.091856479644775391e+00
2.151214599609375000e+00,-1.602291246453756202e+00,2.166536633168355763e+00,-2.083349367181295264e+00,-1.020148579274312794e+00,2.116009235382080078e+00
2.311849355697631836e+00,-1.653693338433736670e+00,2.422774616871969044e+00,-2.842469354669088233e+00,-1.194241825734273732e+00,2.400110006332397461e+00
2.330569744110107422e+00,-1.666713853875631202e+00,2.387471262608663380e+00,-2.730235715905660498e+00,-1.259823147450582326e+00,2.387354850769042969e+00
2.349358797073364258e+00,-1.674156805078023780e+00,2.351543490086690724e+00,-2.624203344384664405e+00,-1.324995342885152638e+00,2.379706859588623047e+00
2.293886184692382812e+00,-1.669426580468648780e+00,2.408434216176168263e+00,-2.749223371545308936e+00,-1.131085220967428029e+00,2.404141902923583984e+00
2.312834262847900391e+00,-1.680011888543599952e+00,2.372041765843526662e+00,-2.640411039391988623e+00,-1.198408905659810841e+00,2.395331382751464844e+00
2.331821441650390625e+00,-1.685080667535299170e+00,2.335346285496846974e+00,-2.537834306756490577e+00,-1.264840428029195607e+00,2.391561985015869141e+00
2.276516199111938477e+00,-1.682636877099508155e+00,2.393442932759420216e+00,-2.655078073541158545e+00,-1.069081131611959279e+00,2.404001474380493164e+00
2.295484066009521484e+00,-1.690705438653463233e+00,2.356369797383443654e+00,-2.550576826135152686e+00,-1.137598816548482716e+00,2.399309635162353516e+00
2.314575195312500000e+00,-1.693528314630025733e+00,2.319025818501607716e+00,-2.452185770074361670e+00,-1.205314938222066701e+00,2.399733781814575195e+00
2.590587139129638672e+00,-1.568552601882704067e+00,2.487802092229024709e+00,-3.191149850884908545e+00,-1.570238892232076466e+00,2.664589166641235352e+00
2.603574275970458984e+00,-1.593022485772603858e+00,2.457675997410909474e+00,-3.062375684777730811e+00,-1.614155594502584279e+00,2.647096395492553711e+00
2.616492033004760742e+00,-1.611836572686666358e+00,2.425916020070211232e+00,-2.937512537042135108e+00,-1.658373181019918263e+00,2.633441925048828125e+00
2.567550420761108398e+00,-1.594997068444722998e+00,2.480937544499532521e+00,-3.112183233300680030e+00,-1.493978325520650685e+00,2.686981916427612305e+00
2.581416845321655273e+00,-1.617375036279195655e+00,2.448673788701192677e+00,-2.983160635034078467e+00,-1.540425125752584279e+00,2.671232461929321289e+00
2.595265388488769531e+00,-1.633917947808736670e+00,2.414881531392232716e+00,-2.858484407464498389e+00,-1.587063614522115529e+00,2.659585952758789062e+00
2.544316530227661133e+00,-1.618511339227193702e+00,2.473598543797628224e+00,-3.035182615319722998e+00,-1.417373482381002248e+00,2.705193996429443359e+00
2.559061527252197266e+00,-1.638754030267232764e+00,2.439415756856099904e+00,-2.906456132928365577e+00,-1.466454807912008107e+00,2.691338539123535156e+00
2.573673725128173828e+00,-1.652933260003560889e+00,2.403898064290181935e+00,-2.782792707482808936e+00,-1.515420738850728810e+00,2.681582689285278320e+00
2.895971059799194336e+00,-1.376210437422134447e+00,2.465457741414205373e+00,-3.407286783257955420e+00,-2.018816296254293263e+00,2.879021406173706055e+00
2.900715827941894531e+00,-1.408372716312744188e+00,2.445328060780660451e+00,-3.275087019006246436e+00,-2.038243595753804982e+00,2.867905139923095703e+00
2.905509948730468750e+00,-1.436729760175087023e+00,2.422300163899556935e+00,-3.143177648583883155e+00,-2.058048550282613576e+00,2.858789205551147461e+00
2.875186443328857422e+00,-1.410106526022293139e+00,2.465339247380391896e+00,-3.335975309411519873e+00,-1.937214676533834279e+00,2.916956186294555664e+00
2.880649805068969727e+00,-1.440840722327568102e+00,2.442073170338765919e+00,-3.201572557488912452e+00,-1.958741966878072560e+00,2.906488656997680664e+00
2.886156558990478516e+00,-1.467273311024047899e+00,2.415992800389425099e+00,-3.068009515801900733e+00,-1.980697456990377248e+00,2.898145437240600586e+00
2.853159904479980469e+00,-1.440797196035720873e+00,2.464404408131734669e+00,-3.269961973229879248e+00,-1.854094330464498341e+00,2.949312448501586914e+00
2.859403133392333984e+00,-1.470094003980495501e+00,2.438286606465474904e+00,-3.133755823174947608e+00,-1.877922360097066701e+00,2.939516067504882812e+00
2.865710973739624023e+00,-1.494486988787986803e+00,2.409635368977681935e+00,-2.999182363549703467e+00,-1.901946369801656544e+00,2.931995868682861328e+00
2.203984498977661133e+00,-1.357927159672119188e+00,1.836283508931295216e+00,-1.865410944024556983e+00,-1.052328888569967091e+00,2.065325021743774414e+00
2.216902256011962891e+00,-1.348781780605651903e+00,1.801766697560445607e+00,-1.802281995812887061e+00,-1.118283096943990529e+00,2.095754146575927734e+00
2.229796409606933594e+00,-1.337704004054405260e+00,1.766904179249898732e+00,-1.738489767114156592e+00,-1.182421986256734669e+00,2.127834320068359375e+00
2.195208787918090820e+00,-1.347868637447692919e+00,1.805791203175679982e+00,-1.758302351037496436e+00,-1.006123844777242482e+00,2.033509731292724609e+00
2.207464933395385742e+00,-1.338071213369705248e+00,1.772787872944967091e+00,-1.702471872369283545e+00,-1.070248428975240529e+00,2.070459604263305664e+00
2.219697475433349609e+00,-1.326630876665451098e+00,1.739266220723287404e+00,-1.645222326318258155e+00,-1.132537666951314748e+00,2.108336210250854492e+00
2.187008857727050781e+00,-1.335231335168220568e+00,1.773507420216695607e+00,-1.647594591180318702e+00,-9.628976027118127945e-01,1.997042179107666016e+00
2.198658227920532227e+00,-1.325183556681015062e+00,1.742674652730123341e+00,-1.599958559075826514e+00,-1.024665657673970998e+00,2.040956735610961914e+00
2.210183858871459961e+00,-1.313699201946594286e+00,1.711021725331441701e+00,-1.550038489778973627e+00,-1.084697071705953419e+00,2.085086345672607422e+00
2.315665006637573242e+00,-1.491209202711917925e+00,1.991150204335347951e+00,-2.179306169549459327e+00,-1.199340645466939748e+00,2.293482303619384766e+00
2.330101966857910156e+00,-1.484510348444320726e+00,1.953209702168599904e+00,-2.091775079766744483e+00,-1.264039818440572560e+00,2.303418636322021484e+00
2.344448566436767578e+00,-1.475091488366462755e+00,1.914833370839254201e+00,-2.005911489526265967e+00,-1.327092472706929982e+00,2.317029237747192383e+00
2.302495479583740234e+00,-1.489538506870605516e+00,1.969316307698385060e+00,-2.087740560571187842e+00,-1.139509979878560841e+00,2.275727748870849609e+00
2.316637992858886719e+00,-1.481520206933357287e+00,1.931223694478170216e+00,-2.004822870294088233e+00,-1.204142872487203419e+00,2.290566682815551758e+00
2.330743551254272461e+00,-1.470934205954410601e+00,1.892844978963033498e+00,-1.923201223412984717e+00,-1.267101589833394826e+00,2.308505773544311523e+00
2.290029525756835938e+00,-1.485706002717353869e+00,1.946214501057760060e+00,-1.993575235406392920e+00,-1.081835571919576466e+00,2.253504753112792969e+00
2.303797960281372070e+00,-1.476579145794250536e+00,1.908606831227437794e+00,-1.915980001489156592e+00,-1.146012131367818654e+00,2.273608922958374023e+00
2.317510128021240234e+00,-1.465123073463775683e+00,1.870792214070455373e+00,-1.839513917962545264e+00,-1.208568398152486623e+00,2.296357631683349609e+00
2.489063739776611328e+00,-1.551173870717622805e+00,2.105768982564107716e+00,-2.460776468316549170e+00,-1.433378998433248341e+00,2.515660762786865234e+00
2.502285480499267578e+00,-1.549334199433662462e+00,2.068064037953512013e+00,-2.354988714257711280e+00,-1.487482849751607716e+00,2.513046741485595703e+00
2.515277862548828125e+00,-1.544103971948363352e+00,2.029618088399068654e+00,-2.251513143579000342e+00,-1.540715519581929982e+00,2.514152050018310547e+00
2.471146106719970703e+00,-1.557745539849140215e+00,2.090886418019429982e+00,-2.385305067101949561e+00,-1.360272232686178029e+00,2.512332439422607422e+00
2.484602928161621094e+00,-1.554235092630126047e+00,2.052033726369039357e+00,-2.281295438806051123e+00,-1.415860478078023732e+00,2.512522935867309570e+00
2.497848987579345703e+00,-1.547421244238950777e+00,2.012667004262105763e+00,-2.179752012292379248e+00,-1.470153633748189748e+00,2.516579151153564453e+00
2.453613519668579102e+00,-1.562203410347439814e+00,2.075665299092428029e+00,-2.309031625787252295e+00,-1.288605515156881154e+00,2.505010604858398438e+00
2.467309236526489258e+00,-1.557270244961120653e+00,2.036063496266500294e+00,-2.207428594628805030e+00,-1.345177952443258107e+00,2.508209943771362305e+00
2.480759382247924805e+00,-1.549002501448132563e+00,1.995976273213521779e+00,-2.108479162255758155e+00,-1.400502983723775685e+00,2.515311956405639648e+00
2.713491916656494141e+00,-1.519752231692411470e+00,2.174629036580220998e+00,-2.688698431054586280e+00,-1.749300781880513966e+00,2.721400022506713867e+00
2.722188234329223633e+00,-1.524895028477050829e+00,2.140676800404683888e+00,-2.571462770501607764e+00,-1.785716835652486623e+00,2.714670658111572266e+00
2.730750083923339844e+00,-1.526379269813634920e+00,2.105252091084615529e+00,-2.455447813073629248e+00,-1.821761433278219044e+00,2.710921764373779297e+00
2.693021774291992188e+00,-1.534339168374874163e+00,2.165350262318746388e+00,-2.626693864861959327e+00,-1.666174713765279591e+00,2.729964017868041992e+00
2.702425718307495117e+00,-1.537657098179199266e+00,2.129457298909322560e+00,-2.509260316888326514e+00,-1.704611126576558888e+00,2.724892616271972656e+00
2.711569309234619141e+00,-1.537236509179212618e+00,2.092364136372701466e+00,-2.393673082391256202e+00,-1.742465321217672169e+00,2.722731113433837891e+00
2.672369480133056641e+00,-1.546689975341298151e+00,2.156095806752340138e+00,-2.566079755822652686e+00,-1.583503071461812794e+00,2.735007047653198242e+00
2.682314634323120117e+00,-1.548310769056417513e+00,2.118643108998433888e+00,-2.449160715142721045e+00,-1.623790566121236623e+00,2.731336355209350586e+00
2.692085266113281250e+00,-1.546116358866431284e+00,2.080022637044088185e+00,-2.334418436089986670e+00,-1.663482491170064748e+00,2.730747938156127930e+00
2.943488836288452148e+00,-1.401981101637222338e+00,2.195886913930074513e+00,-2.841843744317525733e+00,-2.102755371724263966e+00,2.910096883773803711e+00
2.946874141693115234e+00,-1.415142731075622606e+00,2.167992893849508107e+00,-2.717396875421041358e+00,-2.119860951100484669e+00,2.905702352523803711e+00
2.950210571289062500e+00,-1.424790979628898668e+00,2.137878243123189748e+00,-2.593337198297017920e+00,-2.136985127125875294e+00,2.902915239334106445e+00
2.924892425537109375e+00,-1.422963560824729967e+00,2.191026512776510060e+00,-2.790068765679830420e+00,-2.015099827443258107e+00,2.926819324493408203e+00
2.928813219070434570e+00,-1.434209035044052172e+00,2.160619560872213185e+00,-2.664762159387105811e+00,-2.033918205891744435e+00,2.922992706298828125e+00
2.932715415954589844e+00,-1.441747219567634630e+00,2.128148380910054982e+00,-2.540455957452291358e+00,-2.052618805562154591e+00,2.920849561691284180e+00
2.905312538146972656e+00,-1.441682533626892138e+00,2.186433140431539357e+00,-2.742200037042135108e+00,-1.927045647297994435e+00,2.939392089843750000e+00
2.909883499145507812e+00,-1.451100648646690416e+00,2.153858009968892873e+00,-2.616466184655660498e+00,-1.947655026112691701e+00,2.936120748519897461e+00
2.914311647415161133e+00,-1.456579999332763720e+00,2.119280640278951466e+00,-2.491968771020406592e+00,-1.968036476765767873e+00,2.934500932693481445e+00
2.326106548309326172e+00,-1.217004792099334765e+00,1.563581768666402638e+00,-1.649394651452535498e+00,-1.212645355855123341e+00,2.269473314285278320e+00
2.336647272109985352e+00,-1.201762990360595751e+00,1.522312466298238576e+00,-1.573094507256978858e+00,-1.269925896321431935e+00,2.299680233001708984e+00
2.346945047378540039e+00,-1.184725598697998095e+00,1.480358902608053029e+00,-1.495949314241745043e+00,-1.325251404439107716e+00,2.331929683685302734e+00
2.316685676574707031e+00,-1.204164252882339525e+00,1.532038036976949513e+00,-1.553473384385444689e+00,-1.161119286214010060e+00,2.232953071594238281e+00
2.326779842376708984e+00,-1.188451127415039110e+00,1.491745297108785451e+00,-1.482399233882762957e+00,-1.216812912617818654e+00,2.268027305603027344e+00
2.336683273315429688e+00,-1.171185449962951708e+00,1.450787846242086232e+00,-1.410329313283302355e+00,-1.270435158406392873e+00,2.304760217666625977e+00
2.308068513870239258e+00,-1.189095274811126757e+00,1.498632256184713185e+00,-1.453845002954341936e+00,-1.112655464802877248e+00,2.192190885543823242e+00
2.317621469497680664e+00,-1.173258618717529345e+00,1.459931675587789357e+00,-1.388818920855857897e+00,-1.166359249745504201e+00,2.232521295547485352e+00
2.327028512954711914e+00,-1.155920640831329393e+00,1.420380894337789357e+00,-1.322297723298408556e+00,-1.218108479176656544e+00,2.273942470550537109e+00
2.450368165969848633e+00,-1.327123702769615221e+00,1.683602158223287404e+00,-1.886093755761617530e+00,-1.380480591450826466e+00,2.450555324554443359e+00
2.461161613464355469e+00,-1.312889025812484789e+00,1.639969174061910451e+00,-1.791569372216695655e+00,-1.434639755879537404e+00,2.465773105621337891e+00
2.471712350845336914e+00,-1.296406583195068407e+00,1.595597092305318654e+00,-1.697602888146871436e+00,-1.487186257039205373e+00,2.484181880950927734e+00
2.437374353408813477e+00,-1.321509943609573412e+00,1.660606686268941701e+00,-1.807135721246236670e+00,-1.315398518239156544e+00,2.424706697463989258e+00
2.448190212249755859e+00,-1.306248442535736132e+00,1.616783920918599904e+00,-1.715974470178121436e+00,-1.369611565266744435e+00,2.443562984466552734e+00
2.458604335784912109e+00,-1.288947449331619310e+00,1.572258297597066701e+00,-1.625126501122945655e+00,-1.421745125447408498e+00,2.465229988098144531e+00
2.425080299377441406e+00,-1.314040080910064745e+00,1.636637989674703419e+00,-1.725473066369527686e+00,-1.252767388020650685e+00,2.395102977752685547e+00
2.435533046722412109e+00,-1.297997103338577318e+00,1.593041245137349904e+00,-1.638248106042379248e+00,-1.306383911763326466e+00,2.417709589004516602e+00
2.445796489715576172e+00,-1.280040220623352099e+00,1.548736874257222951e+00,-1.551275379290320444e+00,-1.358113114033834279e+00,2.442869186401367188e+00
2.610616445541381836e+00,-1.384657965307571459e+00,1.782313648854390919e+00,-2.089780469933980811e+00,-1.603570763264791310e+00,2.624195814132690430e+00
2.619838714599609375e+00,-1.373346180920936632e+00,1.739406887684957326e+00,-1.982432981530660498e+00,-1.647967640553609669e+00,2.629971504211425781e+00
2.628731489181518555e+00,-1.359486387377121019e+00,1.695530716572896779e+00,-1.875725885430806983e+00,-1.691107098256246388e+00,2.638827323913574219e+00
2.594560146331787109e+00,-1.385776014333107042e+00,1.766329113637105763e+00,-2.027897974053853858e+00,-1.526954952870504201e+00,2.608121633529663086e+00
2.604001760482788086e+00,-1.373187349443771410e+00,1.722373310719625294e+00,-1.921879430810445655e+00,-1.572350327168599904e+00,2.616225004196166992e+00
2.613155841827392578e+00,-1.357973934417106676e+00,1.677497688923970998e+00,-1.816866060296529639e+00,-1.616185490285054982e+00,2.627110242843627930e+00
2.578813076019287109e+00,-1.385294274692871141e+00,1.750003639851705373e+00,-1.964657445947164405e+00,-1.451955143605367482e+00,2.588943719863891602e+00
2.588437795639038086e+00,-1.371496052747108507e+00,1.705304447804586232e+00,-1.860573431054586280e+00,-1.498074833546773732e+00,2.599113464355468750e+00
2.597726821899414062e+00,-1.355271474724151659e+00,1.659753147755758107e+00,-1.757522245446676123e+00,-1.542570416127340138e+00,2.612347602844238281e+00
2.794273138046264648e+00,-1.380781860356666613e+00,1.858410183583394826e+00,-2.251416822473043311e+00,-1.871915165578023732e+00,2.790613651275634766e+00
2.800112485885620117e+00,-1.374378995304443407e+00,1.818564716969625294e+00,-2.135490079919332373e+00,-1.901840511952535451e+00,2.792095661163330078e+00
2.805913686752319336e+00,-1.365050764088966417e+00,1.777258221303121388e+00,-2.019818922082418311e+00,-1.931262795125142873e+00,2.796016454696655273e+00
2.776982545852661133e+00,-1.388074697261192370e+00,1.847870175038472951e+00,-2.205721517602437842e+00,-1.787253681813375294e+00,2.781313419342041016e+00
2.783303022384643555e+00,-1.380021781926490831e+00,1.806469742451803029e+00,-2.090001245538228858e+00,-1.818596665059224904e+00,2.783815145492553711e+00
2.789448022842407227e+00,-1.369154946213104296e+00,1.763681713734762013e+00,-1.975006719628805030e+00,-1.849217240010396779e+00,2.788865089416503906e+00
2.759416341781616211e+00,-1.393903211956359911e+00,1.837656323109762013e+00,-2.159957548181051123e+00,-1.703276459370748341e+00,2.769275903701782227e+00
2.766160011291503906e+00,-1.384445742969848681e+00,1.794837776814595998e+00,-2.044764658013814795e+00,-1.736070934926168263e+00,2.773011922836303711e+00
2.772770881652832031e+00,-1.372158811693527269e+00,1.750790897999898732e+00,-1.930667539636129248e+00,-1.767924610768453419e+00,2.779278993606567383e+00
2.975906848907470703e+00,-1.316149578695632982e+00,1.910530869160787404e+00,-2.360502859155172217e+00,-2.161180321370260060e+00,2.955827951431274414e+00
2.978340625762939453e+00,-1.315966443424560595e+00,1.875207249318258107e+00,-2.239000459710592139e+00,-2.175722424183980763e+00,2.956520318984985352e+00
2.980715751647949219e+00,-1.312476055031158495e+00,1.837804619465963185e+00,-2.117559095422262061e+00,-2.190026108418599904e+00,2.958801746368408203e+00
2.960111618041992188e+00,-1.328050927524902391e+00,1.904741589223043263e+00,-2.331774374047750342e+00,-2.072785202656881154e+00,2.948020458221435547e+00
2.962944507598876953e+00,-1.326140166526176500e+00,1.867473904286519826e+00,-2.210075994531148780e+00,-2.088646713887349904e+00,2.949043035507202148e+00
2.965654134750366211e+00,-1.320995346908905077e+00,1.828284088765279591e+00,-2.088823457757467139e+00,-2.104186360036031544e+00,2.951586961746215820e+00
2.943520545959472656e+00,-1.338761256342269945e+00,1.899344746266500294e+00,-2.303394933740133155e+00,-1.984452072774068654e+00,2.938391923904418945e+00
2.946792364120483398e+00,-1.335343049173690844e+00,1.860370461140767873e+00,-2.181680818597310889e+00,-2.001758400593892873e+00,2.939838647842407227e+00
2.949874162673950195e+00,-1.328640640979148912e+00,1.819497887288228810e+00,-2.060633798638814795e+00,-2.018635098134176076e+00,2.942862272262573242e+00
2.422261476516723633e+00,-1.036111192112304735e+00,1.257501427327291310e+00,-1.384421066646911669e+00,-1.340497795735494435e+00,2.447927713394165039e+00
2.430510997772216797e+00,-1.013855711822845507e+00,1.206476513539449513e+00,-1.296220557098724413e+00,-1.388696972523824513e+00,2.480514287948608398e+00
2.438377857208251953e+00,-9.898313444903870106e-01,1.153971974049703419e+00,-1.206988887195922899e+00,-1.434644047413961232e+00,2.515030622482299805e+00
2.413424015045166016e+00,-1.020029858951904345e+00,1.222287480031148732e+00,-1.296473519211151171e+00,-1.288585487996236623e+00,2.403841257095336914e+00
2.421332359313964844e+00,-9.973873657039185048e-01,1.171808067952291310e+00,-1.212425039415695238e+00,-1.335191551839010060e+00,2.440145254135131836e+00
2.428905010223388672e+00,-9.729970258525391102e-01,1.119850937520162404e+00,-1.127169446354248095e+00,-1.379513565693990529e+00,2.478083133697509766e+00
2.405290603637695312e+00,-1.001846329574920702e+00,1.184904400502340138e+00,-1.204908238058425951e+00,-1.239806000386373341e+00,2.356450319290161133e+00
2.412798881530761719e+00,-9.789885443500061513e-01,1.135443035756246388e+00,-1.125351266270019579e+00,-1.284547630940572560e+00,2.396377563476562500e+00
2.419906854629516602e+00,-9.544796508601685048e-01,1.084493939076558888e+00,-1.044358984833099413e+00,-1.326899830495015919e+00,2.437869071960449219e+00
2.548253536224365234e+00,-1.124036715631820726e+00,1.349527661000387013e+00,-1.560167657477297354e+00,-1.514291111622945607e+00,2.591847896575927734e+00
2.556178331375122070e+00,-1.102012173538543749e+00,1.296534363423482716e+00,-1.457279415135719347e+00,-1.558678929005758107e+00,2.612792968750000000e+00
2.563739538192749023e+00,-1.077755288486816454e+00,1.241951290761129201e+00,-1.353891776209213305e+00,-1.601188961659566701e+00,2.636282205581665039e+00
2.536745548248291016e+00,-1.114959077244140673e+00,1.324191395436422169e+00,-1.491618247037269640e+00,-1.449745480214254201e+00,2.554783582687377930e+00
2.544619560241699219e+00,-1.092093573217727709e+00,1.270849053059713185e+00,-1.391302154665329027e+00,-1.494026009236470998e+00,2.578214168548583984e+00
2.552080631256103516e+00,-1.067128555183746386e+00,1.215936485921041310e+00,-1.290480242376663256e+00,-1.535901371632711232e+00,2.604035854339599609e+00
2.525707006454467773e+00,-1.104333714847900438e+00,1.297692124043599904e+00,-1.419716031556465197e+00,-1.387794796620504201e+00,2.514633178710937500e+00
2.533443689346313477e+00,-1.080787615185119677e+00,1.244217220936910451e+00,-1.322551862602569628e+00,-1.431401077901021779e+00,2.540777921676635742e+00
2.540850639343261719e+00,-1.055258170967437792e+00,1.189291779194967091e+00,-1.224753783350326586e+00,-1.472788635884420216e+00,2.569170713424682617e+00
2.693265438079833984e+00,-1.177720384006835985e+00,1.440144840870992482e+00,-1.711819311181539405e+00,-1.721469227467672169e+00,2.730104446411132812e+00
2.699647903442382812e+00,-1.157863335018493700e+00,1.388402287160054982e+00,-1.599080225030416358e+00,-1.757329765950338185e+00,2.742845773696899414e+00
2.705711364746093750e+00,-1.135525689726211596e+00,1.334942166005269826e+00,-1.485837430959083605e+00,-1.791753117238179982e+00,2.758254289627075195e+00
2.679817914962768555e+00,-1.175117449169494677e+00,1.423220936452047169e+00,-1.662942548791402686e+00,-1.647062126790181935e+00,2.698326110839843750e+00
2.686334609985351562e+00,-1.154104964142181444e+00,1.370324913655416310e+00,-1.551370219593383837e+00,-1.683489624653951466e+00,2.712618350982666016e+00
2.692570447921752930e+00,-1.130734102135040331e+00,1.315924946461812794e+00,-1.439686657195426989e+00,-1.718289677296773732e+00,2.729351520538330078e+00
2.666397809982299805e+00,-1.171131328945495653e+00,1.405600849782125294e+00,-1.611409803430074561e+00,-1.574161831532613576e+00,2.664311170578002930e+00
2.673151254653930664e+00,-1.149198101168014574e+00,1.352042023335592091e+00,-1.501579405074455309e+00,-1.611070458089010060e+00,2.680226325988769531e+00
2.679533720016479492e+00,-1.124963240032531786e+00,1.296941582356588185e+00,-1.391691656117775011e+00,-1.646176163350240529e+00,2.698636770248413086e+00
2.847795724868774414e+00,-1.192577705984451342e+00,1.527532402669088185e+00,-1.834158083001607764e+00,-1.953829590474263966e+00,2.866394519805908203e+00
2.851878166198730469e+00,-1.176459715967514086e+00,1.479004685078756154e+00,-1.715062757531637061e+00,-1.978193108235494435e+00,2.874191522598266602e+00
2.855815172195434570e+00,-1.157688931827880907e+00,1.428694073353902638e+00,-1.595840593377584327e+00,-2.001603905354635060e+00,2.884116172790527344e+00
2.833735942840576172e+00,-1.195450858478881884e+00,1.517628971730367482e+00,-1.805602689782613623e+00,-1.872754398976461232e+00,2.836580276489257812e+00
2.838094234466552734e+00,-1.178112731581069994e+00,1.467707935963765919e+00,-1.687133928338521827e+00,-1.898101631795064748e+00,2.845067262649536133e+00
2.842269420623779297e+00,-1.158236668711044359e+00,1.416149918233053029e+00,-1.568615035419799852e+00,-1.922416512166158498e+00,2.855553150177001953e+00
2.819325685501098633e+00,-1.197332398300506640e+00,1.507457081471578419e+00,-1.774542947808736670e+00,-1.792626206074849904e+00,2.805806875228881836e+00
2.824079513549804688e+00,-1.178965733652450609e+00,1.456408325825826466e+00,-1.656967302361959327e+00,-1.818925682698385060e+00,2.814985513687133789e+00
2.828460454940795898e+00,-1.157881454830505419e+00,1.403807465230123341e+00,-1.539327078764774370e+00,-1.844116989766256154e+00,2.826291561126708984e+00
2.997855901718139648e+00,-1.167179064159729052e+00,1.608733479176656544e+00,-1.918894430200094092e+00,-2.198567215596334279e+00,3.008905410766601562e+00
2.999625682830810547e+00,-1.155996189718582201e+00,1.564788166676656544e+00,-1.796884676019185889e+00,-2.210671250020162404e+00,3.013687133789062500e+00
3.001265764236450195e+00,-1.141957001095153856e+00,1.518835369740621388e+00,-1.675226350823873389e+00,-2.222096745167867482e+00,3.019407749176025391e+00
2.984926939010620117e+00,-1.174264447098114061e+00,1.605525795613424123e+00,-1.914230009118551123e+00,-2.114825073872701466e+00,2.975162029266357422e+00
2.986885547637939453e+00,-1.162003831272460985e+00,1.560192410145894826e+00,-1.792354246179097998e+00,-2.127804104481832326e+00,2.979966640472412109e+00
2.988855838775634766e+00,-1.146875695591308641e+00,1.512933556233541310e+00,-1.670831342736715186e+00,-2.140374485646383107e+00,2.985910654067993164e+00
2.971196651458740234e+00,-1.180748299961425829e+00,1.602057282124654591e+00,-1.905725618401998389e+00,-2.031152073537008107e+00,2.942586660385131836e+00
2.973545074462890625e+00,-1.167418615227081347e+00,1.555403534566060841e+00,-1.784202714959615577e+00,-2.045366112385885060e+00,2.947569608688354492e+00
2.975730657577514648e+00,-1.151254640226699877e+00,1.506930653248922169e+00,-1.662862916985982764e+00,-2.058969322835103810e+00,2.953865528106689453e+00
2.494376897811889648e+00,-8.146409553340454579e-01,8.992860952960413101e-01,-1.070936815147735643e+00,-1.436453167592183888e+00,2.610253095626831055e+00
2.500520467758178711e+00,-7.817524236491699696e-01,8.287170569049280289e-01,-9.676650327495117665e-01,-1.475431744252340138e+00,2.646039247512817383e+00
2.506283998489379883e+00,-7.454776328853149892e-01,7.530944983111780289e-01,-8.609761160663147450e-01,-1.511738602315084279e+00,2.683541059494018555e+00
2.486805438995361328e+00,-7.933495801738281727e-01,8.548234144793909195e-01,-9.868717950633545399e-01,-1.388524357472554982e+00,2.557511091232299805e+00
2.492601871490478516e+00,-7.594359082034607411e-01,7.831853071795862320e-01,-8.860435646823425770e-01,-1.425801102315084279e+00,2.595803499221801758e+00
2.498174667358398438e+00,-7.221585077098389149e-01,7.062323729144495132e-01,-7.816344660571594716e-01,-1.460617844258443654e+00,2.635753393173217773e+00
2.479727268218994141e+00,-7.694845360568542958e-01,8.064873854266565445e-01,-8.981002134135742665e-01,-1.343959633504049123e+00,2.501896142959594727e+00
2.485372304916381836e+00,-7.345703405192871571e-01,7.339728514300745132e-01,-7.998617452434082509e-01,-1.379326168690816701e+00,2.543041467666625977e+00
2.490558385848999023e+00,-6.961563390544434071e-01,6.553071180926721695e-01,-6.976580780795593739e-01,-1.412327591572896779e+00,2.585452556610107422e+00
2.617340803146362305e+00,-8.817461293986816884e-01,9.668434301959436539e-01,-1.196742908363678026e+00,-1.608558003102437794e+00,2.723783016204833984e+00
2.622979402542114258e+00,-8.482678097537537099e-01,8.942936102496545914e-01,-1.080365048055984545e+00,-1.643763367329732716e+00,2.749687433242797852e+00
2.628283977508544922e+00,-8.114389938167114735e-01,8.168590704547327164e-01,-9.613889020732422352e-01,-1.676743332539693654e+00,2.777739048004150391e+00
2.607917547225952148e+00,-8.687278789332886220e-01,9.362700621234338882e-01,-1.135662452583648729e+00,-1.549670521412984669e+00,2.673913002014160156e+00
2.613479852676391602e+00,-8.342641156962891102e-01,8.624089399920862320e-01,-1.021094695930816698e+00,-1.584460083638326466e+00,2.701604127883911133e+00
2.618673801422119141e+00,-7.962637108615417958e-01,7.833293120013635757e-01,-9.035743039897461415e-01,-1.616904083882467091e+00,2.731361389160156250e+00
2.598814964294433594e+00,-8.539289397052307606e-01,9.034627119647424820e-01,-1.070585743790008593e+00,-1.493469540272847951e+00,2.622125148773193359e+00
2.604356050491333008e+00,-8.185104888728638173e-01,8.284524122821252945e-01,-9.579593104175110341e-01,-1.527391258870260060e+00,2.651752471923828125e+00
2.609442472457885742e+00,-7.794067424586792470e-01,7.480009237872522476e-01,-8.422826093486328602e-01,-1.559093300496236623e+00,2.683102369308471680e+00
2.749046325683593750e+00,-9.338074487498779774e-01,1.058082882558004201e+00,-1.313786701565124559e+00,-1.800047699605123341e+00,2.833453416824340820e+00
2.753489017486572266e+00,-9.027128976634521962e-01,9.889424482928674820e-01,-1.190445558433868456e+00,-1.828188244496480763e+00,2.851901054382324219e+00
2.757669448852539062e+00,-8.683871191791077138e-01,9.153974691974084976e-01,-1.064942197208740282e+00,-1.854561154042379201e+00,2.872430562973022461e+00
2.738366127014160156e+00,-9.284055393985291005e-01,1.040031735097066701e+00,-1.276895747785903978e+00,-1.732940498982564748e+00,2.785004615783691406e+00
2.742888212203979492e+00,-8.963414591601868153e-01,9.694884459124963882e-01,-1.154569612150528002e+00,-1.761421505604879201e+00,2.804340839385986328e+00
2.747159957885742188e+00,-8.610456150821228505e-01,8.947766462909143570e-01,-1.030393139725067186e+00,-1.787997070943013966e+00,2.825714349746704102e+00
2.727685213088989258e+00,-9.217636746219177724e-01,1.020609680806295216e+00,-1.236053453092910814e+00,-1.667403523121969044e+00,2.735562086105346680e+00
2.732377529144287109e+00,-8.887249392322082997e-01,9.490030447589319351e-01,-1.115061120395996141e+00,-1.696018997822896779e+00,2.755851030349731445e+00
2.736721992492675781e+00,-8.524677318385620595e-01,8.730705420123499039e-01,-9.921313685229797841e-01,-1.722791973744527638e+00,2.778292179107666016e+00
2.883340597152709961e+00,-9.661385577968140126e-01,1.166467491780416310e+00,-1.416178913121559191e+00,-2.005726639424459279e+00,2.944211483001708984e+00
2.886182308197021484e+00,-9.392920297435303212e-01,1.103377644215719044e+00,-1.289928631191589403e+00,-2.024795357381002248e+00,2.956900358200073242e+00
2.888817548751831055e+00,-9.094102543643494130e-01,1.036942783986226857e+00,-1.162509964113571215e+00,-2.042692486439840138e+00,2.971288919448852539e+00
2.872336626052856445e+00,-9.672753971866150380e-01,1.159317795430318654e+00,-1.404857010846473742e+00,-1.933553997670308888e+00,2.893602609634399414e+00
2.875424146652221680e+00,-9.395901125720520497e-01,1.095141712819234669e+00,-1.279395745401718187e+00,-1.953250710164205373e+00,2.906539678573608398e+00
2.878221511840820312e+00,-9.089199465564270497e-01,1.027724568043844044e+00,-1.152855203752853441e+00,-1.971932713185445607e+00,2.921124458312988281e+00
2.861154794692993164e+00,-9.674635094455261708e-01,1.151057545338765919e+00,-1.388772220616676378e+00,-1.861831013356344044e+00,2.843811750411987305e+00
2.864334583282470703e+00,-9.390270274928589345e-01,1.085923496876851857e+00,-1.264189050798751879e+00,-1.882406536732808888e+00,2.857152223587036133e+00
2.867394208908081055e+00,-9.074915212443848134e-01,1.017470661793844044e+00,-1.138557360773422289e+00,-1.901528660451070607e+00,2.872086048126220703e+00
3.012427330017089844e+00,-9.751513761333008290e-01,1.284415070210592091e+00,-1.494931207304336596e+00,-2.218943897877828419e+00,3.063812732696533203e+00
3.013670206069946289e+00,-9.535625737956543446e-01,1.228884998952047169e+00,-1.369786531930305529e+00,-2.228432003651754201e+00,3.071351528167724609e+00
3.014800548553466797e+00,-9.290288847735901356e-01,1.170612160359517873e+00,-1.244168536072113085e+00,-2.237160984669820607e+00,3.080016851425170898e+00
3.002261400222778320e+00,-9.816013735583801747e-01,1.287687603627340138e+00,-1.513675400321819353e+00,-2.145254437123433888e+00,3.005232095718383789e+00
3.003669977188110352e+00,-9.595278662494202138e-01,1.231179062520162404e+00,-1.388707683687545824e+00,-2.155512158070699513e+00,3.012755870819091797e+00
3.005048751831054688e+00,-9.345758718303223134e-01,1.172240082417623341e+00,-1.263602570896484423e+00,-2.165159050618306935e+00,3.021217823028564453e+00
2.991501808166503906e+00,-9.872968953898926259e-01,1.289352718983785451e+00,-1.525299647157527971e+00,-2.070908848439351857e+00,2.950339555740356445e+00
2.993120431900024414e+00,-9.645255965045471669e-01,1.231895748768941701e+00,-1.400388554935791063e+00,-2.082081143056051076e+00,2.958077192306518555e+00
2.994637489318847656e+00,-9.390424054912109852e-01,1.171979252492086232e+00,-1.275570319300033617e+00,-2.092605415974752248e+00,2.966650485992431641e+00
2.840425968170166016e+00,-3.519161504558105946e-01,-1.026326298713684082e+00,-4.059912723353882313e-01,-1.696766678486959279e+00,2.853634834289550781e+00
2.849369049072265625e+00,-4.160195154002686024e-01,-8.783443570137023926e-01,-3.224322360805054188e-01,-1.748122994099752248e+00,2.855751276016235352e+00
2.857783555984497070e+00,-4.873884481242676259e-01,-7.009612917900085449e-01,-2.588237088969727040e-01,-1.797038857136861623e+00,2.866169691085815430e+00
2.810235261917114258e+00,-3.710521024516602040e-01,-9.994495511054992676e-01,-3.617780965617676259e-01,-1.524908367787496388e+00,2.824698209762573242e+00
2.820187091827392578e+00,-4.376393121531982899e-01,-8.419342041015625000e-01,-2.873801749995728017e-01,-1.581038777028219044e+00,2.830104112625122070e+00
2.829537153244018555e+00,-5.131402772716064931e-01,-6.511024832725524902e-01,-2.359673541835327626e-01,-1.634053532277242482e+00,2.844112873077392578e+00
2.780713319778442383e+00,-3.860096496394653798e-01,-9.742720723152160645e-01,-3.090046209147949696e-01,-1.356623951588765919e+00,2.786019802093505859e+00
2.791328191757202148e+00,-4.542731803706665517e-01,-8.100275993347167969e-01,-2.429539722255249501e-01,-1.417118374501363576e+00,2.795672655105590820e+00
2.801388025283813477e+00,-5.327363771251221181e-01,-6.094533801078796387e-01,-2.028201383403320790e-01,-1.474033657704488576e+00,2.814085483551025391e+00
2.997226953506469727e+00,-3.578131955913086415e-01,-1.004846215248107910e+00,-3.993396323970337392e-01,-1.727540318165914357e+00,3.011883497238159180e+00
3.001540422439575195e+00,-4.257473510554810048e-01,-8.492527008056640625e-01,-3.138826650432129384e-01,-1.752192799245015919e+00,3.013504743576049805e+00
3.005596876144409180e+00,-5.026504558375854970e-01,-6.592980027198791504e-01,-2.528224748424072743e-01,-1.775630299245015919e+00,3.019145727157592773e+00
2.966219902038574219e+00,-3.679717344096680165e-01,-9.986339807510375977e-01,-3.706383270076294423e-01,-1.549466911946431935e+00,2.981736183166503906e+00
2.971574306488037109e+00,-4.367082876018066884e-01,-8.382394313812255859e-01,-2.902918618968506337e-01,-1.579508129750387013e+00,2.984525680541992188e+00
2.976553678512573242e+00,-5.151217740825195790e-01,-6.420621871948242188e-01,-2.356117528728027821e-01,-1.607781235371724904e+00,2.991943120956420898e+00
2.935249090194702148e+00,-3.735649150661011220e-01,-9.957475662231445312e-01,-3.317552369884033681e-01,-1.373406712208883107e+00,2.946012735366821289e+00
2.941476821899414062e+00,-4.423281711390991688e-01,-8.335480690002441406e-01,-2.550107997706909657e-01,-1.408564392720357716e+00,2.950540304183959961e+00
2.947262287139892578e+00,-5.205525916865845204e-01,-6.358720064163208008e-01,-2.045694154552002431e-01,-1.441479984913961232e+00,2.960468292236328125e+00
2.571172952651977539e+00,-3.611213725856323720e-01,-9.108475446701049805e-01,-5.373065036586304188e-01,-1.635042492543355763e+00,2.596223831176757812e+00
2.586685657501220703e+00,-4.272195857814331532e-01,-7.602337598800659180e-01,-4.738701146892090321e-01,-1.729042832051412404e+00,2.596186876296997070e+00
2.601397991180419922e+00,-5.046355289271851063e-01,-5.729212760925292969e-01,-4.316075605205078602e-01,-1.819818321858541310e+00,2.609841346740722656e+00
2.545943737030029297e+00,-3.983397048762817860e-01,-8.421185016632080078e-01,-4.742737573436279774e-01,-1.483410660420553029e+00,2.569086551666259766e+00
2.562207221984863281e+00,-4.726912540248413563e-01,-6.679924130439758301e-01,-4.286764425090332509e-01,-1.580809418355123341e+00,2.578313112258911133e+00
2.577578067779541016e+00,-5.678934615901489735e-01,-4.349939823150634766e-01,-4.180968564799805165e-01,-1.673584763203756154e+00,2.600681066513061523e+00
2.521994829177856445e+00,-4.342892926982422352e-01,-7.667440176010131836e-01,-4.090503019145508290e-01,-1.337727371846334279e+00,2.527418613433837891e+00
2.538327693939208984e+00,-5.179551404765625477e-01,-5.671558380126953125e-01,-3.852456373027344227e-01,-1.437099758778707326e+00,2.547094583511352539e+00
2.553982734680175781e+00,-6.460011166385193349e-01,-2.541632354259490967e-01,-4.280364078334351063e-01,-1.530981842671529591e+00,2.579079866409301758e+00
2.432274103164672852e+00,-4.145444196513672352e-01,-8.683745265007019043e-01,-2.991079849055786610e-01,-1.457103554402486623e+00,2.448254346847534180e+00
2.508580446243286133e+00,-3.867820066264648915e-01,-9.814047813415527344e-01,-2.729218763164062977e-01,-1.529418293629781544e+00,2.528859853744506836e+00
2.592544078826904297e+00,-3.580163282207031727e-01,-1.076511383056640625e+00,-2.537745994380493642e-01,-1.610699478779928029e+00,2.612407445907592773e+00
2.488010644912719727e+00,-5.216029447368164540e-01,-5.123894214630126953e-01,-4.842164081386108876e-01,-1.510307137166158498e+00,2.505911111831665039e+00
2.560771226882934570e+00,-4.694661659053345204e-01,-6.727874875068664551e-01,-4.268625539592285634e-01,-1.580226723347799123e+00,2.580063819885253906e+00
2.639378309249877930e+00,-4.259346288493652821e-01,-7.959728240966796875e-01,-3.872050803950806142e-01,-1.657169167195455373e+00,2.656595706939697266e+00
2.639346837997436523e+00,-4.258740705302734852e-01,-7.959480285644531250e-01,-3.871646684459228993e-01,-1.657160584126607716e+00,2.656624078750610352e+00
2.639345407485961914e+00,-4.259258073619385243e-01,-7.959480285644531250e-01,-3.872457307628174306e-01,-1.657120052968160451e+00,2.656608104705810547e+00
2.678695201873779297e+00,-5.615255397609253407e-01,-3.651492595672607422e-01,-6.001337331584473134e-01,-1.696868244801656544e+00,2.696859121322631836e+00
2.958573341369628906e+00,-3.660631936839600087e-01,-1.130534529685974121e+00,-1.407910150340576649e-01,-1.477038685475484669e+00,2.979960680007934570e+00
3.062252998352050781e+00,-3.696875137141724110e-01,-1.094304800033569336e+00,-1.877598327449341298e-01,-1.571603123341695607e+00,3.084063291549682617e+00
3.164046764373779297e+00,-3.689196866801758290e-01,-1.046489000320434570e+00,-2.317761939815063954e-01,-1.667141262684957326e+00,3.185791015625000000e+00
2.974006652832031250e+00,-4.248195451549072743e-01,-8.604314327239990234e-01,-2.673695844462891102e-01,-1.491175476704732716e+00,2.995895624160766602e+00
3.067830324172973633e+00,-4.355979722789307118e-01,-8.139973878860473633e-01,-3.150171798518677235e-01,-1.577174488698140919e+00,3.090163230895996094e+00
3.160273313522338867e+00,-4.438852828792114735e-01,-7.543738484382629395e-01,-3.620622915080566884e-01,-1.663924996052877248e+00,3.182741641998291016e+00
2.986710786819458008e+00,-5.347359937480469227e-01,-4.800069928169250488e-01,-4.524261516383667470e-01,-1.503211323414937794e+00,3.009894609451293945e+00
3.072408199310302734e+00,-5.645073217204590321e-01,-3.942613899707794189e-01,-5.185551208308716298e-01,-1.581944290791646779e+00,3.095582962036132812e+00
3.157054424285888672e+00,-6.063534778407593251e-01,-2.640041112899780273e-01,-6.029632848552246571e-01,-1.661462132130758107e+00,3.179936170578002930e+00
2.677137851715087891e+00,-3.725473445704956532e-01,-1.102127671241760254e+00,-1.346176427653809071e-01,-1.461508576069967091e+00,2.700648307800292969e+00
2.773748397827148438e+00,-3.656442922404785634e-01,-1.131850123405456543e+00,-1.514662069133301259e-01,-1.547850910817281544e+00,2.799577713012695312e+00
2.874599933624267578e+00,-3.523741525462646962e-01,-1.151460051536560059e+00,-1.678531926921387196e-01,-1.640594784413472951e+00,2.899612665176391602e+00
2.717413187026977539e+00,-4.334381383708496571e-01,-8.275533914566040039e-01,-2.722878021052856923e-01,-1.497545067464010060e+00,2.741709947586059570e+00
2.805926084518432617e+00,-4.239477676204224110e-01,-8.612265586853027344e-01,-2.813857358745117665e-01,-1.577586476002828419e+00,2.831383466720581055e+00
2.897505283355712891e+00,-4.096881908229370595e-01,-8.847550153732299805e-01,-2.903713744929810048e-01,-1.662390057240621388e+00,2.922093391418457031e+00
2.750967025756835938e+00,-5.531309408000488759e-01,-4.251317083835601807e-01,-4.761470121196289540e-01,-1.528082672749654591e+00,2.778166532516479492e+00
2.832726240158081055e+00,-5.338792365840454579e-01,-4.796526134014129639e-01,-4.689385455897827626e-01,-1.602507416401998341e+00,2.859709024429321289e+00
2.916504621505737305e+00,-5.139219325831909657e-01,-5.178760886192321777e-01,-4.656470578959961415e-01,-1.680551830922262013e+00,2.942140579223632812e+00
2.805958747863769531e+00,-4.122768205455322743e-01,-8.793208003044128418e-01,-2.748302978328247548e-01,-1.577559296284810841e+00,2.831395864486694336e+00
2.805922269821166992e+00,-4.632695478251953602e-01,-7.985337376594543457e-01,-3.048220437816162587e-01,-1.577547375355855763e+00,2.831407785415649414e+00
2.805946826934814453e+00,-4.977728885463257313e-01,-7.415256500244140625e-01,-3.272220653346558095e-01,-1.577669922505513966e+00,2.831416606903076172e+00
2.830863237380981445e+00,-4.771555227092285634e-01,-7.786771655082702637e-01,-3.560839456370850087e-01,-1.720146958027974904e+00,2.853662252426147461e+00
2.935523986816406250e+00,-4.826988738826294423e-01,-7.692637443542480469e-01,-3.440144819072266102e-01,-1.723639313374654591e+00,2.959470033645629883e+00
3.003335714340209961e+00,-4.902962011149902821e-01,-7.447495460510253906e-01,-3.503398460200806142e-01,-1.724944893513814748e+00,3.027965307235717773e+00
3.079550504684448242e+00,-5.035451215556641102e-01,-6.980878710746765137e-01,-3.718310159495850087e-01,-1.725773636494771779e+00,3.105212926864624023e+00
2.976755380630493164e+00,-5.047684472850342274e-01,-7.262056469917297363e-01,-3.077548307231445790e-01,-1.415627304707662404e+00,2.999063968658447266e+00
2.849550724029541016e+00,-5.087531369975586415e-01,-7.274993658065795898e-01,-2.830209296992798329e-01,-1.420961205159322560e+00,2.870449542999267578e+00
2.693364620208740234e+00,-5.320773881724853993e-01,-6.491724252700805664e-01,-3.153057855418701649e-01,-1.430848900471822560e+00,2.713009834289550781e+00
2.629338264465332031e+00,-5.521151584437866688e-01,-5.797042846679687500e-01,-3.559444707683105946e-01,-1.436094586049215138e+00,2.648514270782470703e+00
2.941860437393188477e+00,-3.083231014064331532e-01,-8.383831381797790527e-01,-6.115188759616394520e-01,-1.718336884175435841e+00,2.967319726943969727e+00
2.947204828262329102e+00,-3.936755222133179188e-01,-6.522299051284790039e-01,-5.406548541835327626e-01,-1.752469841633931935e+00,2.969125270843505859e+00
2.952191352844238281e+00,-5.101781648448486806e-01,-3.804761469364166260e-01,-5.230567020228882313e-01,-1.785177532826558888e+00,2.976414680480957031e+00
2.914630889892578125e+00,-3.218200963786621571e-01,-8.235231637954711914e-01,-5.786401194385071278e-01,-1.542793575917379201e+00,2.939132928848266602e+00
2.920722484588623047e+00,-4.104893964580078602e-01,-6.267953515052795410e-01,-5.162722629359741688e-01,-1.581624333058492482e+00,2.942522525787353516e+00
2.926502704620361328e+00,-5.375995200923462392e-01,-3.275646269321441650e-01,-5.176796478084106923e-01,-1.618472878132955373e+00,2.951990365982055664e+00
2.887691736221313477e+00,-3.310731214335937977e-01,-8.110349178314208984e-01,-5.372664493373413563e-01,-1.369822804127828419e+00,2.903892755508422852e+00
2.894325256347656250e+00,-4.216832679561157704e-01,-6.079077124595642090e-01,-4.815281194499512196e-01,-1.412881676350728810e+00,2.909593582153320312e+00
2.900701284408569336e+00,-5.566119712642212392e-01,-2.885003685951232910e-01,-4.982953828624268056e-01,-1.453603092824117482e+00,2.921905755996704102e+00
2.676024675369262695e+00,-4.605507415584106923e-01,-4.657925665378570557e-01,-6.304683250239868642e-01,-1.585767094288961232e+00,2.697681188583374023e+00
2.644958734512329102e+00,-5.335351985744019032e-01,-3.043231964111328125e-01,-6.064321559718628407e-01,-1.380177323018209279e+00,2.652152061462402344e+00
2.704208850860595703e+00,-4.030569356730957509e-01,-5.801165103912353516e-01,-6.617422264865417958e-01,-1.773943726216451466e+00,2.720299243927001953e+00
2.714338541030883789e+00,-5.215684932521362782e-01,-3.064669370651245117e-01,-6.643148821643372059e-01,-1.842929665242330373e+00,2.730724334716796875e+00
2.698116064071655273e+00,-3.537905973247070790e-01,-6.891224384307861328e-01,-6.881836217692871571e-01,-1.733235661183492482e+00,2.718986749649047852e+00
2.644635677337646484e+00,-4.421332639506836415e-01,-5.150517225265502930e-01,-5.941187304309387684e-01,-1.378908459340230763e+00,2.691275596618652344e+00
2.640323400497436523e+00,-4.045148652843018056e-01,-5.999221801757812500e-01,-5.992977184108276845e-01,-1.350056473408834279e+00,2.687050342559814453e+00
2.650093555450439453e+00,-4.996138376048584462e-01,-3.828124403953552246e-01,-6.030935806087036610e-01,-1.414662186299459279e+00,2.698600769042968750e+00
6.229543685913085938e-01,-1.827353139916890967e+00,-1.724074482917785645e+00,-1.101848618393280077e+00,1.101299643516540527e+00,3.804429531097412109e+00
6.045393943786621094e-01,-1.847369333306783545e+00,-1.634697079658508301e+00,-1.306041852836944628e+00,1.201198339462280273e+00,3.783906221389770508e+00
5.867635607719421387e-01,-1.878329416314596045e+00,-1.540957570075988770e+00,-1.503321611588336992e+00,1.295017838478088379e+00,3.751186132431030273e+00
5.700309276580810547e-01,-1.918430467645162452e+00,-1.443803429603576660e+00,-1.697045465508931983e+00,1.381876111030578613e+00,3.708279371261596680e+00
5.546507239341735840e-01,-1.966125627557271827e+00,-1.343903303146362305e+00,-1.889337678948873389e+00,1.460549831390380859e+00,3.656653404235839844e+00
5.965844392776489258e-01,-1.823970933953756202e+00,-1.758711099624633789e+00,-9.477752608111877919e-01,1.245580434799194336e+00,3.729212999343872070e+00
5.778376460075378418e-01,-1.839539190331930030e+00,-1.671082973480224609e+00,-1.163456217651702929e+00,1.343109846115112305e+00,3.721372604370117188e+00
5.597209930419921875e-01,-1.867041727105611670e+00,-1.578070163726806641e+00,-1.372474984531738329e+00,1.435904145240783691e+00,3.700257778167724609e+00
5.427482724189758301e-01,-1.904606481591695655e+00,-1.480737805366516113e+00,-1.578391214410299170e+00,1.522490382194519043e+00,3.667812108993530273e+00
5.272792577743530273e-01,-1.950685163537496436e+00,-1.380007266998291016e+00,-1.783157964745992530e+00,1.601524710655212402e+00,3.625182628631591797e+00
5.671696662902832031e-01,-1.827292581597799170e+00,-1.786899447441101074e+00,-8.124700945666809559e-01,1.399747133255004883e+00,3.672529220581054688e+00
5.487746596336364746e-01,-1.838169714013570655e+00,-1.703527212142944336e+00,-1.033732251530029345e+00,1.493363142013549805e+00,3.674361944198608398e+00
5.311884284019470215e-01,-1.861252447167867530e+00,-1.613973021507263184e+00,-1.249859140520431566e+00,1.583431124687194824e+00,3.662725448608398438e+00
5.146018862724304199e-01,-1.894779821435445655e+00,-1.519281387329101562e+00,-1.463784427647926378e+00,1.668233513832092285e+00,3.638928413391113281e+00
4.994935691356658936e-01,-1.937496324578756202e+00,-1.420202612876892090e+00,-1.677847524682515967e+00,1.746556401252746582e+00,3.604154825210571289e+00
5.357279181480407715e-01,-1.837463041345113623e+00,-1.810266494750976562e+00,-6.897385877421875477e-01,1.561977863311767578e+00,3.631499052047729492e+00
5.184488892555236816e-01,-1.843276163140767920e+00,-1.733299732208251953e+00,-9.116598528674622059e-01,1.650118708610534668e+00,3.641172647476196289e+00
5.018622279167175293e-01,-1.861035486260885108e+00,-1.649494528770446777e+00,-1.130856083040573168e+00,1.736239314079284668e+00,3.637561798095703125e+00
4.862381815910339355e-01,-1.889280935327047217e+00,-1.559952855110168457e+00,-1.349448279743530321e+00,1.818361282348632812e+00,3.621558189392089844e+00
4.720434844493865967e-01,-1.926821371118062842e+00,-1.465333104133605957e+00,-1.569548920994140673e+00,1.894828200340270996e+00,3.593591690063476562e+00
5.034916996955871582e-01,-1.854902406732076514e+00,-1.829536318778991699e+00,-5.738455814174194813e-01,1.729522943496704102e+00,3.604739189147949219e+00
4.878540635108947754e-01,-1.855427404443258155e+00,-1.761038661003112793e+00,-7.924398940852661610e-01,1.811646819114685059e+00,3.621390104293823242e+00
4.728021323680877686e-01,-1.866977830926412452e+00,-1.685243129730224609e+00,-1.010771529083587694e+00,1.892952203750610352e+00,3.625146865844726562e+00
4.585488140583038330e-01,-1.888653894464010108e+00,-1.603255748748779297e+00,-1.230573044424392748e+00,1.971461415290832520e+00,3.616300582885742188e+00
4.456381797790527344e-01,-1.919469972650045264e+00,-1.515432715415954590e+00,-1.453909383421279955e+00,2.045809984207153320e+00,3.594862937927246094e+00
1.920778155326843262e-01,-1.803162237206930030e+00,-1.833222389221191406e+00,-8.171894711307068349e-01,1.169135928153991699e+00,3.332421064376831055e+00
1.857372969388961792e-01,-1.809818407098287452e+00,-1.747456431388854980e+00,-1.067697362308837938e+00,1.201682806015014648e+00,3.332165241241455078e+00
1.796741038560867310e-01,-1.831273218194478858e+00,-1.653687953948974609e+00,-1.309683547621109057e+00,1.232864499092102051e+00,3.326306104660034180e+00
1.739773601293563843e-01,-1.865377565423482764e+00,-1.554213523864746094e+00,-1.543550328617431688e+00,1.261743903160095215e+00,3.315566778182983398e+00
1.687487214803695679e-01,-1.909995695153707373e+00,-1.451209306716918945e+00,-1.769895692864889014e+00,1.287932991981506348e+00,3.300945043563842773e+00
1.572923958301544189e-01,-1.807797571221822608e+00,-1.827246308326721191e+00,-7.756065887263794423e-01,1.350601434707641602e+00,3.284117221832275391e+00
1.518891900777816772e-01,-1.814222951928609717e+00,-1.741216540336608887e+00,-1.027989701633789110e+00,1.377214670181274414e+00,3.284966945648193359e+00
1.467016190290451050e-01,-1.835565706292623389e+00,-1.646579980850219727e+00,-1.273394362335540819e+00,1.402787089347839355e+00,3.281314373016357422e+00
1.418263167142868042e-01,-1.869813581506246436e+00,-1.545553445816040039e+00,-1.511678991173841524e+00,1.426602363586425781e+00,3.273617506027221680e+00
1.373655796051025391e-01,-1.914996286431783545e+00,-1.440331935882568359e+00,-1.743069788018697608e+00,1.448113918304443359e+00,3.262801170349121094e+00
1.209497451782226562e-01,-1.817019601861471045e+00,-1.819559574127197266e+00,-7.465933126262207509e-01,1.534853339195251465e+00,3.242919445037841797e+00
1.167637258768081665e-01,-1.822563310662740577e+00,-1.734562397003173828e+00,-9.994818729213257313e-01,1.555301427841186523e+00,3.244161605834960938e+00
1.126968711614608765e-01,-1.842893739739889014e+00,-1.640519857406616211e+00,-1.246576057081558275e+00,1.574857354164123535e+00,3.241887331008911133e+00
1.089073643088340759e-01,-1.876463075677389014e+00,-1.539388298988342285e+00,-1.487786130314209032e+00,1.593043327331542969e+00,3.236747741699218750e+00
1.054232269525527954e-01,-1.921142717401021827e+00,-1.433575272560119629e+00,-1.722708841363424170e+00,1.609818339347839355e+00,3.228914260864257812e+00
8.449474722146987915e-02,-1.830960413018697608e+00,-1.811040878295898438e+00,-7.270465058139343739e-01,1.720776438713073730e+00,3.206093788146972656e+00
8.162982761859893799e-02,-1.834723135034078467e+00,-1.728366851806640625e+00,-9.797066611102600575e-01,1.734696507453918457e+00,3.207241535186767578e+00
7.880139350891113281e-02,-1.853215833703512061e+00,-1.636193275451660156e+00,-1.227685825233795214e+00,1.748245000839233398e+00,3.206101417541503906e+00
7.622556388378143311e-02,-1.884862562219137061e+00,-1.536726474761962891e+00,-1.470028319661953020e+00,1.761012792587280273e+00,3.202720642089843750e+00
7.378995418548583984e-02,-1.928000112573140967e+00,-1.431856513023376465e+00,-1.707084795037740577e+00,1.772658109664916992e+00,3.197531461715698242e+00
4.933609440922737122e-02,-1.849017759362691748e+00,-1.802186846733093262e+00,-7.158549588969727040e-01,1.906882047653198242e+00,3.171172142028808594e+00
4.772685468196868896e-02,-1.850271364251607764e+00,-1.723148703575134277e+00,-9.676589530757446767e-01,1.914751410484313965e+00,3.172039985656738281e+00
4.611519724130630493e-02,-1.866079946557515967e+00,-1.634400129318237305e+00,-1.215233461265899706e+00,1.922421693801879883e+00,3.171648502349853516e+00
4.611519724130630493e-02,-1.866079946557515967e+00,-1.634400129318237305e+00,-1.215233461265899706e+00,1.922421693801879883e+00,3.171648502349853516e+00
4.611519724130630493e-02,-1.866079946557515967e+00,-1.634400129318237305e+00,-1.215233461265899706e+00,1.922421693801879883e+00,3.171648502349853516e+00
3.464401960372924805e-01,-2.866769929925435889e+00,1.076144043599263966e+00,-2.864743372003072608e+00,1.547273755073547363e+00,3.522898674011230469e+00
3.234972357749938965e-01,-2.882295747796529639e+00,1.099615399037496388e+00,-2.827152868310445655e+00,1.680221080780029297e+00,3.510545492172241211e+00
3.145057559013366699e-01,-2.889298101464742530e+00,1.109478298817769826e+00,-2.813349386254781592e+00,1.732646942138671875e+00,3.507350683212280273e+00
3.011358976364135742e-01,-2.900900503198140967e+00,1.125227753316060841e+00,-2.793031831780904639e+00,1.811782240867614746e+00,3.504270076751708984e+00
1.324916183948516846e-01,-2.890434881249898780e+00,1.098804775868551076e+00,-2.815942426721090186e+00,1.860542416572570801e+00,3.334311962127685547e+00
1.135367378592491150e-01,-2.903693338433736670e+00,1.111011807118551076e+00,-2.802445550958150733e+00,1.978238105773925781e+00,3.328031063079833984e+00
1.071552634239196777e-01,-2.908959051171773780e+00,1.115970913563863576e+00,-2.798262258569234717e+00,2.019353628158569336e+00,3.326366186141967773e+00
1.208419799804687500e-01,-2.898168703118795264e+00,1.105895821248189748e+00,-2.807444711724752295e+00,1.932107567787170410e+00,3.330176115036010742e+00
1.433127224445343018e-01,-2.884136816064351905e+00,1.093275849019185841e+00,-2.824478288690084327e+00,1.795292496681213379e+00,3.338738918304443359e+00
1.608257293701171875e-01,-2.875816484490865577e+00,1.086173359547750294e+00,-2.840004583398336280e+00,1.692025899887084961e+00,3.347209453582763672e+00
1.806788444519042969e-01,-2.868870874444478858e+00,1.080602471028463185e+00,-2.860444685021871436e+00,1.576948881149291992e+00,3.358726501464843750e+00
1.951489597558975220e-01,-2.865380426446431983e+00,1.078052345906392873e+00,-2.877689500848287452e+00,1.493714213371276855e+00,3.368565320968627930e+00
2.121639400720596313e-01,-2.862725397149556983e+00,1.076536480580465138e+00,-2.900790353814596045e+00,1.395712256431579590e+00,3.382191181182861328e+00
2.342677265405654907e-01,-2.861393114129537452e+00,1.076374832783834279e+00,-2.936700960198873389e+00,1.266229391098022461e+00,3.403810262680053711e+00
2.535234689712524414e-01,-2.862205167809957373e+00,1.077736679707662404e+00,-2.975188871423238623e+00,1.149609208106994629e+00,3.428018331527709961e+00
2.637257575988769531e-01,-2.863256116906637061e+00,1.078702274953023732e+00,-2.999152322808736670e+00,1.085977315902709961e+00,3.443610668182373047e+00
1.846296638250350952e-01,-2.867823740045064795e+00,1.079716507588521779e+00,-2.864944597283834327e+00,1.554325819015502930e+00,3.361316919326782227e+00
1.863652169704437256e-01,-2.886064191857808936e+00,1.120880905781881154e+00,-2.835839410821431983e+00,1.544546127319335938e+00,3.362113237380981445e+00
1.882831156253814697e-01,-2.906343599359029639e+00,1.164801422749654591e+00,-2.801459451714986670e+00,1.533191323280334473e+00,3.362400293350219727e+00
1.903387010097503662e-01,-2.927448411981099952e+00,1.208420101796285451e+00,-2.763612886468404639e+00,1.521477580070495605e+00,3.362076997756958008e+00
1.913412809371948242e-01,-2.937476297418111670e+00,1.228417221699849904e+00,-2.744884630242818702e+00,1.515835642814636230e+00,3.361651420593261719e+00
1.879215389490127563e-01,-2.902195592919820655e+00,1.155937973652974904e+00,-2.808603426019185889e+00,1.535477995872497559e+00,3.362432956695556641e+00
1.848289221525192261e-01,-2.869857450524801123e+00,1.084296528493062794e+00,-2.861862798730367530e+00,1.553248882293701172e+00,3.361383914947509766e+00
1.821798831224441528e-01,-2.840433260003560889e+00,1.015486542378560841e+00,-2.905324121514791358e+00,1.568643212318420410e+00,3.359141111373901367e+00
1.799166649580001831e-01,-2.814629217187398780e+00,9.525139967547815445e-01,-2.939533849755758155e+00,1.581609606742858887e+00,3.356332302093505859e+00
1.778533756732940674e-01,-2.789295812646383155e+00,8.882883230792444351e-01,-2.969353338281148780e+00,1.593770623207092285e+00,3.352745771408081055e+00
1.756432354450225830e-01,-2.760224481622213233e+00,8.124902884112756851e-01,-2.998451849023336280e+00,1.606564879417419434e+00,3.347984313964843750e+00
1.746154278516769409e-01,-2.745581289330953467e+00,7.737272421466272476e-01,-3.011029859582418311e+00,1.612554788589477539e+00,3.345460891723632812e+00
1.740175485610961914e-01,-2.737011571923726905e+00,7.509792486773889664e-01,-3.017720838586324561e+00,1.615960359573364258e+00,3.343797683715820312e+00
1.853756904602050781e-01,-2.733937402764791358e+00,7.463529745685022476e-01,-3.028989931146139014e+00,1.550353050231933594e+00,3.375893831253051758e+00
1.931551992893218994e-01,-2.732038160363668311e+00,7.432120482074182632e-01,-3.038205286065572608e+00,1.505667209625244141e+00,3.398346185684204102e+00
2.036251872777938843e-01,-2.729836603204244483e+00,7.389133612262170914e-01,-3.052664896050924170e+00,1.445243120193481445e+00,3.429830074310302734e+00
2.171307206153869629e-01,-2.727370878259176123e+00,7.328007856952112320e-01,-3.074946065942281592e+00,1.367088437080383301e+00,3.472768545150756836e+00
2.269107848405838013e-01,-2.725776334802144873e+00,7.277849356280725601e-01,-3.093977590600484717e+00,1.310008764266967773e+00,3.506113767623901367e+00
2.072980254888534546e-01,-2.729102273980611670e+00,7.372615973102014664e-01,-3.058216711083883155e+00,1.424513220787048340e+00,3.440917491912841797e+00
1.653457731008529663e-01,-2.739688058892721045e+00,7.543743292437952164e-01,-3.010883470574849952e+00,1.666059136390686035e+00,3.319923400878906250e+00
1.486603468656539917e-01,-2.745532175103658545e+00,7.615798155414026382e-01,-3.001699586907857764e+00,1.764384269714355469e+00,3.273813247680664062e+00
1.367425769567489624e-01,-2.750532289544576514e+00,7.669203917132776382e-01,-2.998492380181783545e+00,1.835153818130493164e+00,3.240998744964599609e+00
1.212337985634803772e-01,-2.757867952386373389e+00,7.744129339801233414e-01,-2.998771329919332373e+00,1.930386781692504883e+00,3.196418762207031250e+00
2.015908509492874146e-01,-2.926843782464498389e+00,1.211363617573873341e+00,-2.774644990960592139e+00,1.456445932388305664e+00,3.343610286712646484e+00
2.041489630937576294e-01,-2.933188100854390967e+00,1.224690262471334279e+00,-2.764612813989156592e+00,1.441987156867980957e+00,3.342902660369873047e+00
2.189045995473861694e-01,-2.931637903253072608e+00,1.225604359303609669e+00,-2.784623285333150733e+00,1.356306910514831543e+00,3.337897062301635742e+00
2.319533675909042358e-01,-2.931422849694722998e+00,1.227660957966939748e+00,-2.803396841088765967e+00,1.279686093330383301e+00,3.334584712982177734e+00
2.495908588171005249e-01,-2.933012624780172217e+00,1.232174698506490529e+00,-2.831218858758443702e+00,1.173844456672668457e+00,3.331692695617675781e+00
2.566010355949401855e-01,-2.934191366235250342e+00,1.234556976948873341e+00,-2.843335290948385108e+00,1.130561828613281250e+00,3.331136941909790039e+00
2.418092936277389526e-01,-2.932093759576314795e+00,1.229946915303365529e+00,-2.818613191644185889e+00,1.220841884613037109e+00,3.332674026489257812e+00
2.288904786109924316e-01,-2.931377073327535498e+00,1.227106396351949513e+00,-2.798912664453023780e+00,1.297622442245483398e+00,3.335232019424438477e+00
2.047980576753616333e-01,-2.933118005792135108e+00,1.224695030842916310e+00,-2.765630861321920264e+00,1.438140988349914551e+00,3.342556476593017578e+00
1.834035068750381470e-01,-2.937888761559957373e+00,1.225872341786519826e+00,-2.738481660882467139e+00,1.561369061470031738e+00,3.351996898651123047e+00
1.571764647960662842e-01,-2.948331972161764014e+00,1.231755558644429982e+00,-2.706668039361471045e+00,1.713532209396362305e+00,3.367760658264160156e+00
1.369094699621200562e-01,-2.960409780541890967e+00,1.240242306386129201e+00,-2.681851049462789405e+00,1.833843350410461426e+00,3.384091615676879883e+00
1.203706860542297363e-01,-2.973149438897603858e+00,1.249712292348043263e+00,-2.660143514672750342e+00,1.934981107711791992e+00,3.400974035263061523e+00
1.845150142908096313e-01,-2.941000124017232764e+00,1.232288662587301076e+00,-2.733085294763082373e+00,1.554896235466003418e+00,3.522387504577636719e+00
1.938361227512359619e-01,-2.939245363275045264e+00,1.232837025319234669e+00,-2.743423124352926123e+00,1.501344442367553711e+00,3.717839002609252930e+00
2.007425725460052490e-01,-2.935939928094381202e+00,1.228804890309469044e+00,-2.756105085412496436e+00,1.461628675460815430e+00,3.869852304458618164e+00
2.040322422981262207e-01,-2.933492322961324561e+00,1.225280110036031544e+00,-2.764056345025533545e+00,1.442233443260192871e+00,3.948037147521972656e+00
1.676685512065887451e-01,-2.936619421044820655e+00,1.215541187916890919e+00,-2.733047624627584327e+00,1.652141332626342773e+00,3.166673183441162109e+00
1.610176563262939453e-01,-2.931646486321920264e+00,1.202213112507955373e+00,-2.740471025506490577e+00,1.691465735435485840e+00,3.012179613113403320e+00
1.558895111083984375e-01,-2.926344533959859717e+00,1.188684765492574513e+00,-2.749486108819478858e+00,1.721150517463684082e+00,2.886768102645874023e+00
1.814563721418380737e-01,-2.851081033746236670e+00,1.040217224751607716e+00,-2.888888021508687842e+00,1.572962880134582520e+00,3.210803508758544922e+00
1.811621189117431641e-01,-2.850854536096090186e+00,1.039473358784810841e+00,-2.889095445672506202e+00,1.574643254280090332e+00,3.071500539779663086e+00
1.807920038700103760e-01,-2.850497861901754248e+00,1.038677040730611623e+00,-2.889388223687642920e+00,1.576172351837158203e+00,2.937713861465454102e+00
1.821340471506118774e-01,-2.851344724694722998e+00,1.041168991719381154e+00,-2.888928075829976905e+00,1.569141864776611328e+00,3.504945516586303711e+00
1.823827028274536133e-01,-2.851333757440084327e+00,1.041157070790426076e+00,-2.889152189294332373e+00,1.567355394363403320e+00,3.637564182281494141e+00
