-5.936929583549499512e-01,4.274058640003204346e-01,1.817913949489593506e-01
-5.078728199005126953e-01,4.314946830272674561e-01,1.629679501056671143e-01
-4.223574399948120117e-01,4.353213310241699219e-01,1.441875249147415161e-01
-6.000409126281738281e-01,5.137549042701721191e-01,1.637941151857376099e-01
-5.149783492088317871e-01,5.167440176010131836e-01,1.409769505262374878e-01
-4.296418130397796631e-01,5.189369320869445801e-01,1.183978691697120667e-01
0.000000000000000000e+00,0.000000000000000000e+00,1.000000000000000000e+00
-5.208640098571777344e-01,6.013796329498291016e-01,1.187818497419357300e-01
0.000000000000000000e+00,0.000000000000000000e+00,1.000000000000000000e+00
-6.091579794883728027e-01,1.745251119136810303e-01,1.023734956979751587e-01
-5.217334032058715820e-01,1.765767186880111694e-01,9.497381746768951416e-02
-4.346047937870025635e-01,1.782175004482269287e-01,8.726534247398376465e-02
-6.118059158325195312e-01,2.606940269470214844e-01,8.339468389749526978e-02
-5.253570675849914551e-01,2.616617977619171143e-01,7.232791930437088013e-02
-4.383723139762878418e-01,2.619805932044982910e-01,6.106427684426307678e-02
-6.136850118637084961e-01,3.470107018947601318e-01,6.425914168357849121e-02
-5.273529887199401855e-01,3.464597463607788086e-01,4.953308403491973877e-02
-4.410947263240814209e-01,3.456701040267944336e-01,3.492876514792442322e-02
-6.169428229331970215e-01,-7.900154590606689453e-02,2.230785414576530457e-02
-5.295342206954956055e-01,-7.891219854354858398e-02,2.623803727328777313e-02
-4.423726201057434082e-01,-7.926623523235321045e-02,3.014691174030303955e-02
-6.156728863716125488e-01,7.479935418814420700e-03,3.022500080987811089e-03
-5.287076830863952637e-01,6.280700210481882095e-03,3.323212964460253716e-03
-4.414828121662139893e-01,4.547216463834047318e-03,3.625845070928335190e-03
-6.141631007194519043e-01,9.404059499502182007e-02,-1.634190045297145844e-02
-5.271455049514770508e-01,9.136465191841125488e-02,-1.962225697934627533e-02
-4.400707781314849854e-01,8.837097883224487305e-02,-2.277815528213977814e-02
-6.180322766304016113e-01,-3.327222168445587158e-01,-5.823713541030883789e-02
-5.311824083328247070e-01,-3.350592851638793945e-01,-4.298066347837448120e-02
-4.451947212219238281e-01,-3.372420668601989746e-01,-2.775407582521438599e-02
-6.134673357009887695e-01,-2.462628632783889771e-01,-7.728204876184463501e-02
-5.265892744064331055e-01,-2.499044239521026611e-01,-6.553453207015991211e-02
-4.397828280925750732e-01,-2.533460259437561035e-01,-5.399466305971145630e-02
-6.079063415527343750e-01,-1.597458124160766602e-01,-9.598599374294281006e-02
-5.208242535591125488e-01,-1.646697223186492920e-01,-8.797235786914825439e-02
-4.338023662567138672e-01,-1.696029752492904663e-01,-7.996854931116104126e-02
-6.116821169853210449e-01,-5.860665440559387207e-01,-1.392271965742111206e-01
-5.276823639869689941e-01,-5.915163755416870117e-01,-1.127255558967590332e-01
-4.428018331527709961e-01,-5.946894884109497070e-01,-8.592642098665237427e-02
-6.035923361778259277e-01,-4.998378753662109375e-01,-1.573820859193801880e-01
-5.183687210083007812e-01,-5.060683488845825195e-01,-1.343958526849746704e-01
-4.333884418010711670e-01,-5.113400220870971680e-01,-1.114579886198043823e-01
-5.946589112281799316e-01,-4.134926497936248779e-01,-1.748842597007751465e-01
-5.088794827461242676e-01,-4.206049740314483643e-01,-1.558517813682556152e-01
-4.231108129024505615e-01,-4.272200763225555420e-01,-1.362968385219573975e-01
0.000000000000000000e+00,0.000000000000000000e+00,1.000000000000000000e+00
-2.568870782852172852e-01,4.380153715610504150e-01,8.379001170396804810e-02
-1.708607822656631470e-01,4.388735592365264893e-01,6.462958455085754395e-02
0.000000000000000000e+00,0.000000000000000000e+00,1.000000000000000000e+00
-2.597481608390808105e-01,5.244373083114624023e-01,7.261206209659576416e-02
-1.746601462364196777e-01,5.246928930282592773e-01,4.977637901902198792e-02
0.000000000000000000e+00,0.000000000000000000e+00,1.000000000000000000e+00
-2.623545825481414795e-01,6.114648580551147461e-01,6.124859303236007690e-02
0.000000000000000000e+00,0.000000000000000000e+00,1.000000000000000000e+00
-3.511609137058258057e-01,1.781343817710876465e-01,5.697272345423698425e-02
-2.637670636177062988e-01,1.784372627735137939e-01,4.949551820755004883e-02
-1.769614666700363159e-01,1.785975694656372070e-01,4.191336035728454590e-02
-3.512447774410247803e-01,2.652134597301483154e-01,4.926182702183723450e-02
-2.650487720966339111e-01,2.649057805538177490e-01,3.808064386248588562e-02
-1.782907694578170776e-01,2.642868459224700928e-01,2.682938426733016968e-02
-3.516717851161956787e-01,3.520263135433197021e-01,4.155016690492630005e-02
-2.654353380203247070e-01,3.512704372406005859e-01,2.654614485800266266e-02
-1.795051991939544678e-01,3.498719632625579834e-01,1.155886426568031311e-02
-3.551237881183624268e-01,-8.116269111633300781e-02,1.091673597693443298e-02
-2.679944634437561035e-01,-8.187456429004669189e-02,1.484467834234237671e-02
-1.808845996856689453e-01,-8.265588432550430298e-02,1.870463788509368896e-02
-3.540495932102203369e-01,6.256687920540571213e-03,3.164236433804035187e-03
-2.667609751224517822e-01,4.684851039201021194e-03,3.310789354145526886e-03
-1.797216832637786865e-01,3.159190760925412178e-03,3.486989764496684074e-03
-3.528886735439300537e-01,9.371675550937652588e-02,-4.522093571722507477e-03
-2.655285894870758057e-01,9.147940576076507568e-02,-8.147967979311943054e-03
-1.785565316677093506e-01,8.917234838008880615e-02,-1.176557317376136780e-02
-3.555538654327392578e-01,-3.404942750930786133e-01,-3.532891348004341125e-02
-2.694646418094635010e-01,-3.422114253044128418e-01,-1.994745805859565735e-02
-1.833090484142303467e-01,-3.436624705791473389e-01,-4.565308336168527603e-03
-3.527734875679016113e-01,-2.528735697269439697e-01,-4.271259158849716187e-02
-2.662655711174011230e-01,-2.556603848934173584e-01,-3.119234368205070496e-02
-1.795450299978256226e-01,-2.577373683452606201e-01,-1.958622038364410400e-02
-3.494377434253692627e-01,-1.657523959875106812e-01,-5.018465220928192139e-02
-2.627735733985900879e-01,-1.691102385520935059e-01,-4.229252040386199951e-02
-1.758673191070556641e-01,-1.721198856830596924e-01,-3.443468734622001648e-02
-3.523622751235961914e-01,-5.996895432472229004e-01,-8.185458183288574219e-02
-2.679675221443176270e-01,-6.028728485107421875e-01,-5.528240278363227844e-02
-1.847277730703353882e-01,-6.053810715675354004e-01,-2.868256904184818268e-02
-3.477996885776519775e-01,-5.124696493148803711e-01,-8.878795802593231201e-02
-2.628793418407440186e-01,-5.160548090934753418e-01,-6.590256839990615845e-02
-1.780263483524322510e-01,-5.187935233116149902e-01,-4.284752905368804932e-02
-3.430376350879669189e-01,-4.252216517925262451e-01,-9.572274237871170044e-02
-2.570903897285461426e-01,-4.292365014553070068e-01,-7.633280009031295776e-02
-1.720293313264846802e-01,-4.329419434070587158e-01,-5.711294710636138916e-02
-9.141580760478973389e-02,4.405119419097900391e-01,2.352207340300083160e-02
-5.876501090824604034e-03,4.394752085208892822e-01,4.479471594095230103e-03
8.007071167230606079e-02,4.376743435859680176e-01,-1.455891225486993790e-02
0.000000000000000000e+00,0.000000000000000000e+00,1.000000000000000000e+00
-4.272949416190385818e-03,5.260348320007324219e-01,4.118844866752624512e-03
8.058894425630569458e-02,5.248571038246154785e-01,-1.866798661649227142e-02
-8.754516392946243286e-02,6.142010688781738281e-01,3.044787421822547913e-02
-2.755101770162582397e-03,6.135354042053222656e-01,3.711686469614505768e-03
8.203751593828201294e-02,6.114861965179443359e-01,-2.267358452081680298e-02
-9.273709356784820557e-02,1.795875281095504761e-01,1.143317297101020813e-02
-5.775766912847757339e-03,1.783549636602401733e-01,3.798506455495953560e-03
8.090037107467651367e-02,1.766217201948165894e-01,-3.726983210071921349e-03
-9.168940037488937378e-02,2.666051685810089111e-01,1.508817449212074280e-02
-5.114426836371421814e-03,2.652194499969482422e-01,3.649447113275527954e-03
8.148356527090072632e-02,2.635312676429748535e-01,-7.838268764317035675e-03
-9.038188308477401733e-02,3.532811999320983887e-01,1.860958896577358246e-02
-4.177251830697059631e-03,3.519684970378875732e-01,3.567118430510163307e-03
8.194460719823837280e-02,3.502784371376037598e-01,-1.161436922848224640e-02
-9.353851526975631714e-02,-8.218643814325332642e-02,-3.079996968153864145e-04
-6.586790550500154495e-03,-8.353755623102188110e-02,3.542463760823011398e-03
8.009681850671768188e-02,-8.474437147378921509e-02,7.512521464377641678e-03
-9.218224883079528809e-02,5.077981390058994293e-03,3.338276874274015427e-03
-5.270381458103656769e-03,3.514254698529839516e-03,3.345018485561013222e-03
8.172201365232467651e-02,2.182631054893136024e-03,3.395169274881482124e-03
-9.094705432653427124e-02,9.217631816864013672e-02,6.940205581486225128e-03
-4.302707500755786896e-03,9.072332084178924561e-02,3.192319534718990326e-03
0.000000000000000000e+00,0.000000000000000000e+00,1.000000000000000000e+00
-9.378543496131896973e-02,-3.436176478862762451e-01,-1.218241825699806213e-02
-7.856294512748718262e-03,-3.449974954128265381e-01,3.127787495031952858e-03
7.787788659334182739e-02,-3.461108207702636719e-01,1.830728165805339813e-02
-9.263779968023300171e-02,-2.564559876918792725e-01,-8.385470137000083923e-03
-6.375185213983058929e-03,-2.580612897872924805e-01,3.149803029373288155e-03
7.982325553894042969e-02,-2.591295838356018066e-01,1.460403949022293091e-02
-9.156639873981475830e-02,-1.695016026496887207e-01,-4.471415653824806213e-03
-5.028556101024150848e-03,-1.710349321365356445e-01,3.124830313026905060e-03
8.151473850011825562e-02,-1.723065376281738281e-01,1.072171516716480255e-02
-9.343530237674713135e-02,-6.053934097290039062e-01,-2.419684082269668579e-02
-8.960103616118431091e-03,-6.069095730781555176e-01,2.508222823962569237e-03
7.517024129629135132e-02,-6.077887415885925293e-01,2.902973443269729614e-02
-9.243905544281005859e-02,-5.181050300598144531e-01,-2.008041366934776306e-02
-7.513980846852064133e-03,-5.196411609649658203e-01,2.670882735401391983e-03
7.731449604034423828e-02,-5.204810500144958496e-01,2.545281313359737396e-02
-9.163247048854827881e-02,-4.311324059963226318e-01,-1.621439494192600250e-02
-6.069920025765895844e-03,-4.326034486293792725e-01,2.952652284875512123e-03
7.937419414520263672e-02,-4.335731267929077148e-01,2.196953445672988892e-02
1.599072217941284180e-01,4.394675195217132568e-01,-5.577823892235755920e-02
0.000000000000000000e+00,0.000000000000000000e+00,1.000000000000000000e+00
3.315978944301605225e-01,4.316247701644897461e-01,-9.411824494600296021e-02
1.656543612480163574e-01,5.253466963768005371e-01,-4.150302335619926453e-02
2.513588368892669678e-01,5.225700139999389648e-01,-6.444462388753890991e-02
3.367446064949035645e-01,5.189763903617858887e-01,-8.748844265937805176e-02
0.000000000000000000e+00,0.000000000000000000e+00,1.000000000000000000e+00
2.566272914409637451e-01,6.093324422836303711e-01,-5.378530174493789673e-02
3.411586284637451172e-01,6.063346266746520996e-01,-8.073787391185760498e-02
1.650369763374328613e-01,1.789752691984176636e-01,-3.388685733079910278e-02
2.517001628875732422e-01,1.760376244783401489e-01,-4.173815250396728516e-02
3.383561074733734131e-01,1.726690828800201416e-01,-4.940971732139587402e-02
1.680976450443267822e-01,2.647255659103393555e-01,-1.918445900082588196e-02
2.547301054000854492e-01,2.623059749603271484e-01,-3.074497170746326447e-02
3.410814404487609863e-01,2.594996392726898193e-01,-4.207826405763626099e-02
1.713121831417083740e-01,3.501980006694793701e-01,-4.346662200987339020e-03
2.572007179260253906e-01,3.483768105506896973e-01,-1.952481828629970551e-02
3.434862196445465088e-01,3.463519811630249023e-01,-3.473708406090736389e-02
1.676069051027297974e-01,-8.198926597833633423e-02,-1.141135487705469131e-02
2.543388605117797852e-01,-8.394675701856613159e-02,-7.867877371609210968e-03
3.408220708370208740e-01,-8.581096678972244263e-02,-4.359242506325244904e-03
1.690604090690612793e-01,3.763995599001646042e-03,3.539680736139416695e-03
2.558529973030090332e-01,2.484944183379411697e-03,3.386208554729819298e-03
3.425192236900329590e-01,1.224554842337965965e-03,3.316181246191263199e-03
1.700194031000137329e-01,8.971540629863739014e-02,1.846156828105449677e-02
2.568451166152954102e-01,8.899359405040740967e-02,1.462015789002180099e-02
3.438259065151214600e-01,8.808844536542892456e-02,1.073023211210966110e-02
1.676204502582550049e-01,-3.428048193454742432e-01,1.100718416273593903e-02
2.535024881362915039e-01,-3.437895178794860840e-01,2.610949426889419556e-02
3.395769596099853516e-01,-3.447840213775634766e-01,4.099605232477188110e-02
1.667499840259552002e-01,-2.569205462932586670e-01,2.615422941744327545e-02
2.530290186405181885e-01,-2.573664188385009766e-01,3.729580715298652649e-02
3.395426571369171143e-01,-2.576498389244079590e-01,4.853206500411033630e-02
1.658717095851898193e-01,-1.711333245038986206e-01,4.112882167100906372e-02
2.525095343589782715e-01,-1.710303276777267456e-01,4.869615659117698669e-02
3.388932347297668457e-01,-1.705871969461441040e-01,5.608432739973068237e-02
1.658684015274047852e-01,-6.039584279060363770e-01,3.372140228748321533e-02
2.501905262470245361e-01,-6.044540405273437500e-01,5.999635905027389526e-02
3.343620002269744873e-01,-6.037763953208923340e-01,8.635170757770538330e-02
1.628839671611785889e-01,-5.178685188293457031e-01,4.868713393807411194e-02
2.479980885982513428e-01,-5.177271366119384766e-01,7.124307006597518921e-02
3.328905105590820312e-01,-5.166776180267333984e-01,9.393214434385299683e-02
1.595177650451660156e-01,-4.318795204162597656e-01,6.333934515714645386e-02
2.449439465999603271e-01,-4.307551383972167969e-01,8.236418664455413818e-02
3.303712606430053711e-01,-4.292899370193481445e-01,1.011575311422348022e-01
4.119796156883239746e-01,4.336936175823211670e-01,-1.349672824144363403e-01
4.974906146526336670e-01,4.272261559963226318e-01,-1.543561965227127075e-01
5.830888748168945312e-01,4.205428361892700195e-01,-1.738727688789367676e-01
4.221186637878417969e-01,5.176320672035217285e-01,-1.100795939564704895e-01
5.069054365158081055e-01,5.124697685241699219e-01,-1.331297606229782104e-01
0.000000000000000000e+00,0.000000000000000000e+00,1.000000000000000000e+00
4.316711127758026123e-01,6.013873219490051270e-01,-8.486565947532653809e-02
5.161876082420349121e-01,5.978116989135742188e-01,-1.115267798304557800e-01
6.002587676048278809e-01,5.930778980255126953e-01,-1.382075250148773193e-01
4.225802123546600342e-01,1.762077957391738892e-01,-7.915298640727996826e-02
5.094009637832641602e-01,1.718072295188903809e-01,-8.711422234773635864e-02
5.959092974662780762e-01,1.671504974365234375e-01,-9.507253766059875488e-02
4.286177158355712891e-01,2.600330710411071777e-01,-5.316269025206565857e-02
5.148739218711853027e-01,2.564796507358551025e-01,-6.470185518264770508e-02
6.011670231819152832e-01,2.530669271945953369e-01,-7.646910101175308228e-02
4.336289465427398682e-01,3.433559238910675049e-01,-2.725247479975223541e-02
5.196785330772399902e-01,3.416492640972137451e-01,-4.246616363525390625e-02
6.057782769203186035e-01,3.392457067966461182e-01,-5.777521058917045593e-02
4.282434880733489990e-01,-8.077565580606460571e-02,-2.272102795541286469e-02
5.150311589241027832e-01,-8.344446122646331787e-02,-1.952174492180347443e-02
6.019428968429565430e-01,-8.591824769973754883e-02,-1.607987284660339355e-02
4.297268390655517578e-01,2.800889080390334129e-03,3.580213990062475204e-03
5.167362093925476074e-01,1.455591293051838875e-03,3.229502122849225998e-03
6.035110950469970703e-01,2.051375486189499497e-04,2.964449813589453697e-03
4.310033321380615234e-01,8.643437922000885010e-02,2.980173006653785706e-02
5.176488161087036133e-01,8.644119650125503540e-02,2.606039680540561676e-02
6.043736934661865234e-01,8.632469922304153442e-02,2.208143286406993866e-02
4.290917813777923584e-01,-3.382126688957214355e-01,3.407673165202140808e-02
5.150829553604125977e-01,-3.387917578220367432e-01,4.862479493021965027e-02
6.013471484184265137e-01,-3.393596410751342773e-01,6.334552913904190063e-02
4.264615476131439209e-01,-2.544368207454681396e-01,6.036637723445892334e-02
5.128103494644165039e-01,-2.538627386093139648e-01,7.133251428604125977e-02
5.994747281074523926e-01,-2.532047331333160400e-01,8.241135627031326294e-02
4.232151806354522705e-01,-1.707634776830673218e-01,8.654293417930603027e-02
5.098289251327514648e-01,-1.689793914556503296e-01,9.396153688430786133e-02
5.966442823410034180e-01,-1.667968183755874634e-01,1.014170125126838684e-01
4.253298044204711914e-01,-5.960819125175476074e-01,9.123132377862930298e-02
5.091754198074340820e-01,-5.947710275650024414e-01,1.173905879259109497e-01
5.934158563613891602e-01,-5.925402641296386719e-01,1.433706432580947876e-01
4.181373417377471924e-01,-5.118169784545898438e-01,1.170962825417518616e-01
5.028235316276550293e-01,-5.090664625167846680e-01,1.394150555133819580e-01
5.879377722740173340e-01,-5.063190460205078125e-01,1.620395779609680176e-01
4.107298851013183594e-01,-4.281386137008666992e-01,1.424824744462966919e-01
4.959320425987243652e-01,-4.240945875644683838e-01,1.612704098224639893e-01
5.814468860626220703e-01,-4.199116230010986328e-01,1.801236420869827271e-01
-1.726261526346206665e-01,-1.771876215934753418e-01,-8.669042028486728668e-03
1.738762832246720791e-03,-1.803538352251052856e-01,7.516724523156881332e-03
1.755963861942291260e-01,-1.825377196073532104e-01,2.352788671851158142e-02
-1.714969873428344727e-01,-3.185311565175652504e-03,7.256872951984405518e-03
3.289139363914728165e-03,-5.841437727212905884e-03,8.137392811477184296e-03
1.781009584665298462e-01,-8.339795283973217010e-03,8.819611743092536926e-03
-1.691369414329528809e-01,1.705144494771957397e-01,2.321707084774971008e-02
4.813885781913995743e-03,1.687992960214614868e-01,8.819673210382461548e-03
1.796938180923461914e-01,1.657667905092239380e-01,-5.489136092364788055e-03
-1.730885654687881470e-01,-1.767318397760391235e-01,-1.162880659103393555e-02
1.465965411625802517e-03,-1.801707297563552856e-01,4.416811279952526093e-03
1.752304732799530029e-01,-1.825251430273056030e-01,2.032550051808357239e-02
-1.715446263551712036e-01,-2.632673829793930054e-03,4.209806676954030991e-03
3.268815577030181885e-03,-5.655986722558736801e-03,5.066016688942909241e-03
1.779748797416687012e-01,-8.319254964590072632e-03,5.876465234905481339e-03
-1.689122915267944336e-01,1.716256737709045410e-01,2.016103081405162811e-02
5.377378314733505249e-03,1.692138314247131348e-01,5.728612188249826431e-03
1.798779368400573730e-01,1.657716929912567139e-01,-8.787872269749641418e-03
-1.742632091045379639e-01,-1.748383045196533203e-01,-1.465030666440725327e-02
9.519023005850613117e-04,-1.780754774808883667e-01,1.351724378764629364e-03
1.752315610647201538e-01,-1.806059181690216064e-01,1.719458214938640594e-02
-1.714992821216583252e-01,-3.324249992147088051e-04,1.199656515382230282e-03
3.179476596415042877e-03,-3.549858462065458298e-03,2.009212505072355270e-03
1.781539320945739746e-01,-6.320994812995195389e-03,2.601915737614035606e-03
-1.689687520265579224e-01,1.734151691198348999e-01,1.707746647298336029e-02
5.341863725334405899e-03,1.711516082286834717e-01,2.664140192791819572e-03
1.791241466999053955e-01,1.672320961952209473e-01,-1.177001185715198517e-02
-8.452501147985458374e-02,8.490791916847229004e-02,2.752649132162332535e-03
-8.455032110214233398e-02,-2.554293489083647728e-03,-8.663745829835534096e-04
-8.418879657983779907e-02,-9.009415656328201294e-02,-4.340519662946462631e-03
0.000000000000000000e+00,0.000000000000000000e+00,1.000000000000000000e+00
3.014616202563047409e-03,-2.895680489018559456e-03,-1.120529603213071823e-03
3.193120472133159637e-03,-9.056331217288970947e-02,-7.709320052526891232e-04
3.243179293349385262e-03,-9.054051339626312256e-02,-7.745695766061544418e-04
3.206728259101510048e-03,-9.056526422500610352e-02,-7.838769233785569668e-04
9.089446067810058594e-02,-9.068055450916290283e-02,2.690732711926102638e-03
-8.471398055553436279e-02,8.347862958908081055e-02,-3.900486626662313938e-04
-8.449833840131759644e-02,-4.027839284390211105e-03,-4.038334358483552933e-03
-8.389396965503692627e-02,-9.162896126508712769e-02,-7.566547021269798279e-03
2.686172258108854294e-03,8.353102207183837891e-02,-4.520352464169263840e-03
2.942749299108982086e-03,-4.165746737271547318e-03,-4.338139202445745468e-03
3.420192049816250801e-03,-9.180394560098648071e-02,-4.001538734883069992e-03
9.011648595333099365e-02,8.329638093709945679e-02,-8.565095253288745880e-03
9.064002335071563721e-02,-4.341522231698036194e-03,-4.606694448739290237e-03
9.073571115732192993e-02,-9.188172966241836548e-02,-4.372892144601792097e-04
-8.537662029266357422e-02,8.525788038969039917e-02,-3.486003959551453590e-03
-8.485268056392669678e-02,-2.224722877144813538e-03,-7.177507970482110977e-03
-8.433479815721511841e-02,-8.984917402267456055e-02,-1.073488313704729080e-02
2.104253508150577545e-03,8.531333506107330322e-02,-7.649436127394437790e-03
2.666024258360266685e-03,-2.328692236915230751e-03,-7.307037711143493652e-03
3.277002833783626556e-03,-8.993183076381683350e-02,-7.166963070631027222e-03
8.952031284570693970e-02,8.525019139051437378e-02,-1.169037353247404099e-02
9.020887315273284912e-02,-2.393925795331597328e-03,-7.639676798135042191e-03
9.067171066999435425e-02,-8.984763175249099731e-02,-3.435331396758556366e-03
2.388562774285674095e-03,-2.415844937786459923e-03,-7.341956719756126404e-03
2.503077732399106026e-03,-2.342935418710112572e-03,-7.351690437644720078e-03
2.502096584066748619e-03,-2.310246229171752930e-03,-7.334937807172536850e-03
3.944170020986348391e-05,-1.518680155277252197e-01,-7.873975671827793121e-03
-1.395999715896323323e-04,-1.523889154195785522e-01,-7.889351807534694672e-03
1.514467876404523849e-04,-1.525531560182571411e-01,-7.785890717059373856e-03
9.292052709497511387e-05,-1.528336703777313232e-01,-7.914487272500991821e-03
5.709616467356681824e-03,1.604196280241012573e-01,-6.678211502730846405e-03
5.604944657534360886e-03,1.608541309833526611e-01,-6.650394760072231293e-03
5.397179163992404938e-03,1.612865179777145386e-01,-6.684726104140281677e-03
5.298708099871873856e-03,1.616272032260894775e-01,-6.633807439357042313e-03
-1.612358838319778442e-01,-1.746196150779724121e-01,-2.114329859614372253e-02
1.297335419803857803e-02,-1.787054389715194702e-01,-5.225864239037036896e-03
1.870264559984207153e-01,-1.818896532058715820e-01,1.069962885230779648e-02
-1.591753512620925903e-01,-4.169917083345353603e-04,-4.288672935217618942e-03
1.560185570269823074e-02,-4.069117363542318344e-03,-3.588126506656408310e-03
1.902263462543487549e-01,-7.829100824892520905e-03,-2.883933251723647118e-03
-1.561900824308395386e-01,1.734062433242797852e-01,1.282876543700695038e-02
1.792755164206027985e-02,1.704892665147781372e-01,-1.810517511330544949e-03
1.921320855617523193e-01,1.663503795862197876e-01,-1.632405631244182587e-02
1.567593589425086975e-02,-3.023555269464850426e-03,-3.504994558170437813e-03
1.882005110383033752e-02,2.316420525312423706e-01,-1.105156261473894119e-03
1.193172205239534378e-02,-2.113153487443923950e-01,-5.389209371060132980e-03
1.770039945840835571e-01,-2.144468426704406738e-01,1.244870200753211975e-02
-8.293558657169342041e-02,-2.091960906982421875e-01,-1.567225717008113861e-02
-7.256254553794860840e-02,1.850837022066116333e-01,-3.026345185935497284e-02
-1.330090016126632690e-01,1.871051639318466187e-01,-2.476653642952442169e-02
3.495969576761126518e-03,1.823121756315231323e-01,-3.694745898246765137e-02
-3.324949443340301514e-01,-3.321271836757659912e-01,-4.011207818984985352e-02
-1.602656990289688110e-01,-3.364532887935638428e-01,-1.005975157022476196e-02
1.210946962237358093e-02,-3.389397561550140381e-01,1.994134485721588135e-02
1.847382485866546631e-01,-3.397151231765747070e-01,4.975268989801406860e-02
3.574008345603942871e-01,-3.388108909130096436e-01,7.951229065656661987e-02
-3.341966271400451660e-01,-1.599064171314239502e-01,-7.878103293478488922e-03
-1.605233997106552124e-01,-1.629872471094131470e-01,6.903612054884433746e-03
1.316948514431715012e-02,-1.649667918682098389e-01,2.162804640829563141e-02
1.867151409387588501e-01,-1.660058796405792236e-01,3.624054789543151855e-02
3.603054583072662354e-01,-1.661202758550643921e-01,5.073744803667068481e-02
-3.350740373134613037e-01,1.251947320997714996e-02,2.442525327205657959e-02
-1.605273187160491943e-01,1.091410405933856964e-02,2.399336919188499451e-02
1.351287867873907089e-02,9.341851808130741119e-03,2.341456338763237000e-02
1.877808123826980591e-01,7.798784878104925156e-03,2.261877059936523438e-02
3.621479868888854980e-01,6.462213117629289627e-03,2.181492373347282410e-02
-3.337857425212860107e-01,1.846209019422531128e-01,5.667034164071083069e-02
-1.602521538734436035e-01,1.847115308046340942e-01,4.092867299914360046e-02
1.374788861721754074e-02,1.836612522602081299e-01,2.506621368229389191e-02
1.878412514925003052e-01,1.818939149379730225e-01,9.106659330427646637e-03
3.619082570075988770e-01,1.794323176145553589e-01,-7.008120883256196976e-03
-3.300215005874633789e-01,3.569388687610626221e-01,8.872324228286743164e-02
-1.579820066690444946e-01,3.586583137512207031e-01,5.780077725648880005e-02
1.465444825589656830e-02,3.581501543521881104e-01,2.677754499018192291e-02
1.875958889722824097e-01,3.561591804027557373e-01,-4.467250313609838486e-03
3.601957857608795166e-01,3.525567650794982910e-01,-3.584451600909233093e-02
-3.321498930454254150e-01,-3.336895704269409180e-01,-3.807620331645011902e-02
-1.596136540174484253e-01,-3.378927409648895264e-01,-7.758531253784894943e-03
1.247245073318481445e-02,-3.399457931518554688e-01,2.249442413449287415e-02
1.845167875289916992e-01,-3.400481343269348145e-01,5.255535989999771118e-02
3.572413325309753418e-01,-3.390077352523803711e-01,8.234923332929611206e-02
-3.339245915412902832e-01,-1.611356735229492188e-01,-5.754451267421245575e-03
-1.601547300815582275e-01,-1.640506088733673096e-01,9.187609888613224030e-03
1.361956167966127396e-02,-1.656156480312347412e-01,2.418032288551330566e-02
1.870584338903427124e-01,-1.662223488092422485e-01,3.909231349825859070e-02
3.604630529880523682e-01,-1.659212410449981689e-01,5.373083427548408508e-02
-3.344549238681793213e-01,1.107699982821941376e-02,2.632664889097213745e-02
-1.600037962198257446e-01,9.728249162435531616e-03,2.622770518064498901e-02
1.430541183799505234e-02,8.715635165572166443e-03,2.594104036688804626e-02
1.882907003164291382e-01,7.513700984418392181e-03,2.550162188708782196e-02
3.621017038822174072e-01,6.577453576028347015e-03,2.504460141062736511e-02
-3.334888517856597900e-01,1.831119209527969360e-01,5.838190764188766479e-02
-1.594037115573883057e-01,1.834555715322494507e-01,4.303568974137306213e-02
1.437187567353248596e-02,1.827388256788253784e-01,2.739878371357917786e-02
1.880171746015548706e-01,1.812049895524978638e-01,1.172157097607851028e-02
3.619194924831390381e-01,1.789746880531311035e-01,-4.151822533458471298e-03
-3.302046656608581543e-01,3.545081615447998047e-01,9.029159694910049438e-02
-1.579906791448593140e-01,3.563862144947052002e-01,5.989821627736091614e-02
1.409559324383735657e-02,3.565537035465240479e-01,2.912878058850765228e-02
1.868193298578262329e-01,3.547031879425048828e-01,-1.775315264239907265e-03
3.590082824230194092e-01,3.511071503162384033e-01,-3.300059214234352112e-02
-6.550423800945281982e-02,4.029487725347280502e-03,-1.826248690485954285e-02
-6.196068227291107178e-02,1.456920206546783447e-01,-2.246871776878833771e-02
-5.971377715468406677e-02,2.189579606056213379e-01,-2.456853166222572327e-02
-5.732049793004989624e-02,3.071523308753967285e-01,-2.702028863131999969e-02
-5.759805440902709961e-02,3.075976967811584473e-01,-2.713840827345848083e-02
-5.367857962846755981e-02,4.272371530532836914e-01,-3.035856224596500397e-02
-5.220674723386764526e-02,4.824223518371582031e-01,-3.192010894417762756e-02
-5.633427947759628296e-02,3.439495563507080078e-01,-2.813913300633430481e-02
-5.922714248299598694e-02,2.427299916744232178e-01,-2.531514689326286316e-02
-6.259121000766754150e-02,1.325915306806564331e-01,-2.210023999214172363e-02
-6.467051059007644653e-02,2.477798610925674438e-02,-1.892491430044174194e-02
-6.618810445070266724e-02,-5.902922153472900391e-02,-1.636205241084098816e-02
-6.904530525207519531e-02,-1.800094693899154663e-01,-1.249016169458627701e-02
-7.234877347946166992e-02,-3.089307844638824463e-01,-8.401186205446720123e-03
-7.436531782150268555e-02,-4.117033183574676514e-01,-5.157518200576305389e-03
-7.596260309219360352e-02,-4.790328145027160645e-01,-3.144727554172277451e-03
-6.517090648412704468e-02,2.020707586780190468e-03,-1.820570044219493866e-02
-1.178521513938903809e-01,3.618308808654546738e-03,-1.838822849094867706e-02
-1.771499365568161011e-01,5.184198729693889618e-03,-1.850649714469909668e-02
-2.383722215890884399e-01,6.985277868807315826e-03,-1.867210492491722107e-02
-2.675186991691589355e-01,7.698812521994113922e-03,-1.874009333550930023e-02
-1.508002877235412598e-01,4.516040906310081482e-03,-1.847063936293125153e-02
-7.087307423353195190e-02,2.167338505387306213e-03,-1.821561157703399658e-02
1.323854271322488785e-02,-3.845747851300984621e-04,-1.803940534591674805e-02
8.571457862854003906e-02,-2.438613912090659142e-03,-1.786391995847225189e-02
1.553021818399429321e-01,-4.517990164458751678e-03,-1.763900555670261383e-02
2.317351102828979492e-01,-6.726853083819150925e-03,-1.738118752837181091e-02
2.690056860446929932e-01,-7.777068298310041428e-03,-1.728173904120922089e-02
2.899924218654632568e-01,-8.424346335232257843e-03,-1.725286617875099182e-02
2.878944873809814453e-01,-8.628293126821517944e-02,-2.888783439993858337e-02
2.862131595611572266e-01,-1.414241343736648560e-01,-3.717222809791564941e-02
2.840764820575714111e-01,-2.154200524091720581e-01,-4.813056066632270813e-02
2.810008525848388672e-01,-2.875277996063232422e-01,-5.893113836646080017e-02
2.784696519374847412e-01,-3.537067174911499023e-01,-6.863267719745635986e-02
2.837307453155517578e-01,-2.222428470849990845e-01,-4.907567054033279419e-02
2.913143336772918701e-01,4.658186435699462891e-02,-8.913806639611721039e-03
2.933762371540069580e-01,1.538329422473907471e-01,7.178497500717639923e-03
2.947695851325988770e-01,2.304265499114990234e-01,1.873689144849777222e-02
2.957644462585449219e-01,3.332707285881042480e-01,3.420640155673027039e-02
-2.443256229162216187e-01,-6.920244544744491577e-02,5.141684785485267639e-03
-2.637229561805725098e-01,-6.894177943468093872e-02,4.347639158368110657e-03
-2.650119364261627197e-01,-1.725534200668334961e-01,1.802314817905426025e-02
-2.659144997596740723e-01,-2.569406628608703613e-01,2.918886393308639526e-02
0.000000000000000000e+00,0.000000000000000000e+00,1.000000000000000000e+00
-2.669311165809631348e-01,-4.030812978744506836e-01,4.814512655138969421e-02
-2.660810947418212891e-01,-2.876034677028656006e-01,3.319381549954414368e-02
-2.652148604393005371e-01,-1.848184466361999512e-01,1.972669735550880432e-02
-2.637973129749298096e-01,-7.277918606996536255e-02,4.871507640928030014e-03
0.000000000000000000e+00,0.000000000000000000e+00,1.000000000000000000e+00
-2.580969631671905518e-01,2.018058896064758301e-01,-3.075377084314823151e-02
-2.549769878387451172e-01,3.311221003532409668e-01,-4.726935178041458130e-02
-2.509262263774871826e-01,4.289608597755432129e-01,-5.989638715982437134e-02
-2.673880457878112793e-01,6.771992146968841553e-02,-1.883823722600936890e-01
-2.728937864303588867e-01,4.344462230801582336e-02,-3.721021413803100586e-01
-2.764132618904113770e-01,2.341984771192073822e-02,-5.208917856216430664e-01
-2.781349420547485352e-01,1.287817396223545074e-02,-5.970625281333923340e-01
-2.529457509517669678e-01,1.132586896419525146e-01,1.691692471504211426e-01
-2.447927296161651611e-01,1.316448599100112915e-01,3.201378285884857178e-01
-2.370625287294387817e-01,1.474862396717071533e-01,4.499488174915313721e-01
-1.575762778520584106e-02,9.240414015948772430e-03,1.295317858457565308e-01
-1.533234864473342896e-02,9.883401915431022644e-03,2.685067653656005859e-01
-1.488087233155965805e-02,1.050060521811246872e-02,4.019182622432708740e-01
-1.678187586367130280e-02,7.412846200168132782e-03,-1.637724786996841431e-01
-1.684435456991195679e-02,6.563976407051086426e-03,-2.959935367107391357e-01
